{
  "properties": {
    "connectionReferences": {
      "shared_commondataserviceforapps": {
        "runtimeSource": "embedded",
        "connection": {
          "connectionReferenceLogicalName": "new_sharedcommondataserviceforapps_9597b"
        },
        "api": {
          "name": "shared_commondataserviceforapps"
        }
      },
      "shared_webcontents": {
        "runtimeSource": "embedded",
        "connection": {
          "connectionReferenceLogicalName": "new_sharedwebcontents_2ee1b"
        },
        "api": {
          "name": "shared_webcontents"
        }
      }
    },
    "definition": {
      "$schema": "https://schema.management.azure.com/providers/Microsoft.Logic/schemas/2016-06-01/workflowdefinition.json#",
      "contentVersion": "1.0.0.0",
      "parameters": {
        "$connections": {
          "defaultValue": {},
          "type": "Object"
        },
        "$authentication": {
          "defaultValue": {},
          "type": "SecureObject"
        }
      },
      "triggers": {
        "Recurrence": {
          "recurrence": {
            "frequency": "Day",
            "interval": 1,
            "startTime": "2024-06-17T15:30:00Z"
          },
          "metadata": {
            "operationMetadataId": "57997b21-4691-4219-8110-2553dd8930b3"
          },
          "type": "Recurrence"
        }
      },
      "actions": {
        "Initialize_variable_-_WillExecuteChanges": {
          "runAfter": {
            "Initialize_variable_-_EnvironmentURL": [
              "Succeeded"
            ]
          },
          "metadata": {
            "operationMetadataId": "d44bb1ed-8a4a-43b2-a1b1-71e52c6fb47b"
          },
          "type": "InitializeVariable",
          "inputs": {
            "variables": [
              {
                "name": "WillExecuteChanges",
                "type": "boolean",
                "value": false
              }
            ]
          },
          "description": "Sets whether the Flow will actually make any data changes in the Altus environment. If set to false, will simply perform calculations and output the data."
        },
        "Initialize_variable_-_DeleteOrphanTasks": {
          "runAfter": {
            "Initialize_variable_-_WillExecuteChanges": [
              "Succeeded"
            ]
          },
          "metadata": {
            "operationMetadataId": "cec215b1-9c52-4adc-80fe-2bec3c39a52f"
          },
          "type": "InitializeVariable",
          "inputs": {
            "variables": [
              {
                "name": "DeleteOrphanTasks",
                "type": "boolean",
                "value": false
              }
            ]
          },
          "description": "When set to true (and where WillExecuteChanges is true) will delete orphaned external tasks from a project which is not aligned to an external project. Otherwise will remove external links from those orphan tasks and leave them in place as local task"
        },
        "Scope_-_1_-_Missing_External_Link_on_Externally_Aligned_Project": {
          "actions": {
            "List_rows_with_missing_externalprojectid": {
              "runAfter": {},
              "metadata": {
                "operationMetadataId": "62e57d79-898a-48e2-bf77-a1e1144262b6"
              },
              "type": "OpenApiConnection",
              "inputs": {
                "host": {
                  "connectionName": "shared_commondataserviceforapps",
                  "operationId": "ListRecords",
                  "apiId": "/providers/Microsoft.PowerApps/apis/shared_commondataserviceforapps"
                },
                "parameters": {
                  "entityName": "sensei_projects",
                  "$select": "sensei_projectid,sensei_externalprojectid",
                  "$filter": "sensei_externalprojectid eq null and sensei_externalproject_project_sensei_pro/any(o:o/_sensei_project_value ne null)",
                  "$expand": "sensei_externalproject_project_sensei_pro($select=_sensei_externalsystem_value,sensei_externalprojectidentifier;$expand=sensei_externalsystem($select=sensei_name))"
                },
                "authentication": "@parameters('$authentication')"
              },
              "description": "Queries for any Projects which do not have a sensei_externalprojectid value set, but which do have an External Project record"
            },
            "Apply_to_each_Project_with_missing_externalprojectid": {
              "foreach": "@outputs('List_rows_with_missing_externalprojectid')?['body/value']",
              "actions": {
                "Condition_-_ExternalProjectIdentifier_has_a_value": {
                  "actions": {
                    "Append_to_array_ProjectsWithMissingExternalProjectId": {
                      "runAfter": {},
                      "metadata": {
                        "operationMetadataId": "a010eef5-940d-4dad-9e84-c8266011e870"
                      },
                      "type": "AppendToArrayVariable",
                      "inputs": {
                        "name": "ProjectsWithMissingExternalProjectId",
                        "value": "@{concat('Content-Type: application/http',decodeUriComponent('%0D%0A'),'Content-Transfer-Encoding:binary',decodeUriComponent('%0D%0A%0D%0A'),'PATCH /api/data/v9.1/sensei_projects(',items('Apply_to_each_Project_with_missing_externalprojectid')?['sensei_projectid'],') HTTP/1.1',decodeUriComponent('%0D%0A'),'Content-Type: application/json;type=entry',decodeUriComponent('%0D%0A%0D%0A'))}@{concat('{ \"sensei_externalprojectid\": \"',items('Apply_to_each_Project_with_missing_externalprojectid')?['sensei_externalproject_project_sensei_pro'][0]?['sensei_externalprojectidentifier'],'\"}')}"
                      }
                    }
                  },
                  "runAfter": {},
                  "expression": {
                    "not": {
                      "equals": [
                        "@items('Apply_to_each_Project_with_missing_externalprojectid')?['sensei_externalproject_project_sensei_pro'][0]?['sensei_externalprojectidentifier']",
                        ""
                      ]
                    }
                  },
                  "metadata": {
                    "operationMetadataId": "f6756c3c-1f32-46ea-8115-eed70618cf79"
                  },
                  "type": "If"
                }
              },
              "runAfter": {
                "List_rows_with_missing_externalprojectid": [
                  "Succeeded"
                ]
              },
              "metadata": {
                "operationMetadataId": "f6a87e85-4335-4e0e-8046-30b34bb54cdd"
              },
              "type": "Foreach"
            }
          },
          "runAfter": {
            "Initialize_variable_-_ExecuteErrorsEncountered": [
              "Succeeded"
            ]
          },
          "metadata": {
            "operationMetadataId": "d0c4efa3-fd13-4db6-b068-57a2605c428a"
          },
          "type": "Scope",
          "description": "Looks for any Projects which have no sensei_externalprojectid populated on the Project, but where an External Project record does exist relating to that project."
        },
        "Initialize_variable_-_ProjectsWithMissingExternalProjectId": {
          "runAfter": {
            "Initialize_variable_-_BatchID": [
              "Succeeded"
            ]
          },
          "metadata": {
            "operationMetadataId": "df7903eb-4f39-48a6-8182-c0243b2e61b7"
          },
          "type": "InitializeVariable",
          "inputs": {
            "variables": [
              {
                "name": "ProjectsWithMissingExternalProjectId",
                "type": "array"
              }
            ]
          }
        },
        "Scope_-_1_-_Execute_or_Output": {
          "actions": {
            "Set_Count1": {
              "runAfter": {},
              "metadata": {
                "operationMetadataId": "7a8b6fd9-4bae-4ce7-91ed-d169ac421a42"
              },
              "type": "SetVariable",
              "inputs": {
                "name": "Count1",
                "value": "@length(variables('ProjectsWithMissingExternalProjectId'))"
              }
            },
            "Condition_-_Check_if_Executing_or_Outputting": {
              "actions": {
                "Set_RemainingItemsToProcess_for_missing_externalprojectid": {
                  "runAfter": {},
                  "metadata": {
                    "operationMetadataId": "451a4294-c879-4c34-bdbd-d7305dead21e"
                  },
                  "type": "SetVariable",
                  "inputs": {
                    "name": "RemainingItemsToProcess",
                    "value": "@length(variables('ProjectsWithMissingExternalProjectId'))"
                  }
                },
                "Do_until_no_more_missing_externalprojectid_items_to_process": {
                  "actions": {
                    "Set_This_Batch_of_items_to_update": {
                      "runAfter": {},
                      "metadata": {
                        "operationMetadataId": "e9d6f453-615a-48df-9f8a-414bb5725277"
                      },
                      "type": "SetVariable",
                      "inputs": {
                        "name": "ThisBatch",
                        "value": "@take(skip(variables('ProjectsWithMissingExternalProjectId'),variables('ProcessedCount')), variables('MaxBatchSize'))"
                      }
                    },
                    "Set_BatchID_for_Projects_with_missing_externalprojectid": {
                      "runAfter": {
                        "Set_This_Batch_of_items_to_update": [
                          "Succeeded"
                        ]
                      },
                      "metadata": {
                        "operationMetadataId": "2ad20591-6442-4831-9722-52a014238003"
                      },
                      "type": "SetVariable",
                      "inputs": {
                        "name": "BatchID",
                        "value": "batch_@{guid()}"
                      }
                    },
                    "Increment_ProcessedCount_for_Projects_with_missing_externalprojectid": {
                      "runAfter": {
                        "Set_BatchID_for_Projects_with_missing_externalprojectid": [
                          "Succeeded"
                        ]
                      },
                      "metadata": {
                        "operationMetadataId": "cd97371a-5899-4884-950d-e3a1f646c383"
                      },
                      "type": "IncrementVariable",
                      "inputs": {
                        "name": "ProcessedCount",
                        "value": "@length(variables('ThisBatch'))"
                      }
                    },
                    "Decrement_RemainingItemsToProcess_for_Projects_with_missing_externalprojectid": {
                      "runAfter": {
                        "Increment_ProcessedCount_for_Projects_with_missing_externalprojectid": [
                          "Succeeded"
                        ]
                      },
                      "metadata": {
                        "operationMetadataId": "19bc2f0b-c441-44ff-bb21-e62544e9a608"
                      },
                      "type": "DecrementVariable",
                      "inputs": {
                        "name": "RemainingItemsToProcess",
                        "value": "@length(variables('ThisBatch'))"
                      }
                    },
                    "Data_to_process_string_for_Projects_with_missing_externalprojectid": {
                      "runAfter": {
                        "Decrement_RemainingItemsToProcess_for_Projects_with_missing_externalprojectid": [
                          "Succeeded"
                        ]
                      },
                      "metadata": {
                        "operationMetadataId": "c1793dca-5e29-4c04-a7de-6d974686e2fc"
                      },
                      "type": "Compose",
                      "inputs": "@concat('--',variables('BatchID'),decodeUriComponent('%0D%0A'),join(variables('ThisBatch'),concat(decodeUriComponent('%0D%0A%0D%0A'),'--',variables('BatchID'),decodeUriComponent('%0D%0A'))))"
                    },
                    "If_Data_to_process_string_for_Projects_with_missing_externalprojectid_not_empty": {
                      "actions": {
                        "Execute_Batch_for_Projects_with_missing_externalprojectid": {
                          "runAfter": {},
                          "metadata": {
                            "operationMetadataId": "fb145647-1931-45cc-9c08-507a208e3173"
                          },
                          "type": "OpenApiConnection",
                          "inputs": {
                            "host": {
                              "connectionName": "shared_webcontents",
                              "operationId": "InvokeHttp",
                              "apiId": "/providers/Microsoft.PowerApps/apis/shared_webcontents"
                            },
                            "parameters": {
                              "request/method": "PATCH",
                              "request/url": "@{variables('EnvironmentURL')}/api/data/v9.1/$batch",
                              "request/headers": {
                                "Accept": "application/json",
                                "Content-Type": "multipart/mixed;boundary=@{variables('BatchID')}"
                              },
                              "request/body": "@{outputs('Data_to_process_string_for_Projects_with_missing_externalprojectid')}\n\n\n--@{variables('BatchID')}--\n\n"
                            },
                            "authentication": "@parameters('$authentication')"
                          }
                        },
                        "Set_ExecuteErrorsEncountered_1": {
                          "runAfter": {
                            "Execute_Batch_for_Projects_with_missing_externalprojectid": [
                              "Failed",
                              "TimedOut"
                            ]
                          },
                          "metadata": {
                            "operationMetadataId": "96a31d02-be6a-4ec0-93f2-034c53003e9d"
                          },
                          "type": "SetVariable",
                          "inputs": {
                            "name": "ExecuteErrorsEncountered",
                            "value": true
                          },
                          "description": "This value will only be set if the previous action failed or timed out"
                        }
                      },
                      "runAfter": {
                        "Data_to_process_string_for_Projects_with_missing_externalprojectid": [
                          "Succeeded"
                        ]
                      },
                      "expression": {
                        "not": {
                          "equals": [
                            "@outputs('Data_to_process_string_for_Projects_with_missing_externalprojectid')",
                            "@concat('--',variables('BatchID'),decodeUriComponent('%0D%0A'))"
                          ]
                        }
                      },
                      "metadata": {
                        "operationMetadataId": "ef2e9eb2-8ffb-422c-9369-60aec35e180a"
                      },
                      "type": "If"
                    }
                  },
                  "runAfter": {
                    "Set_RemainingItemsToProcess_for_missing_externalprojectid": [
                      "Succeeded"
                    ]
                  },
                  "expression": "@equals(variables('RemainingItemsToProcess'), 0)",
                  "limit": {
                    "count": 60,
                    "timeout": "PT1H"
                  },
                  "metadata": {
                    "operationMetadataId": "f7562e78-e866-456f-ba7d-14c6c5600dc3"
                  },
                  "type": "Until"
                }
              },
              "runAfter": {
                "Set_Count1": [
                  "Succeeded"
                ]
              },
              "else": {
                "actions": {
                  "Compose_-_Missing_External_Link_on_Externally_Aligned_Project": {
                    "runAfter": {},
                    "metadata": {
                      "operationMetadataId": "5005f42a-5240-4bf9-8565-b219e0822c52"
                    },
                    "type": "Compose",
                    "inputs": "@variables('ProjectsWithMissingExternalProjectId')"
                  }
                }
              },
              "expression": {
                "equals": [
                  "@variables('WillExecuteChanges')",
                  true
                ]
              },
              "metadata": {
                "operationMetadataId": "886a6101-92bb-4853-adc7-d79c53161244"
              },
              "type": "If"
            }
          },
          "runAfter": {
            "Scope_-_1_-_Missing_External_Link_on_Externally_Aligned_Project": [
              "Succeeded"
            ]
          },
          "metadata": {
            "operationMetadataId": "8ef6d6f0-9604-46e4-b75d-d5256470b4a4"
          },
          "type": "Scope"
        },
        "Initialize_variable_-_RemainingItemsToProcess": {
          "runAfter": {
            "Initialize_variable_-_ProcessedCount": [
              "Succeeded"
            ]
          },
          "metadata": {
            "operationMetadataId": "2e332e26-d8d0-428a-8494-322191ae7a5f"
          },
          "type": "InitializeVariable",
          "inputs": {
            "variables": [
              {
                "name": "RemainingItemsToProcess",
                "type": "integer",
                "value": 0
              }
            ]
          }
        },
        "Initialize_variable_-_ThisBatch": {
          "runAfter": {
            "Initialize_variable_-_RemainingItemsToProcess": [
              "Succeeded"
            ]
          },
          "metadata": {
            "operationMetadataId": "91cbbd92-2e2d-4c67-b5f6-6e2069835529"
          },
          "type": "InitializeVariable",
          "inputs": {
            "variables": [
              {
                "name": "ThisBatch",
                "type": "array"
              }
            ]
          }
        },
        "Initialize_variable_-_MaxBatchSize": {
          "runAfter": {
            "Initialize_variable_-_DeleteOrphanTasks": [
              "Succeeded"
            ]
          },
          "metadata": {
            "operationMetadataId": "6ee9c0b7-f957-41ad-b40e-2cd08b160bdd"
          },
          "type": "InitializeVariable",
          "inputs": {
            "variables": [
              {
                "name": "MaxBatchSize",
                "type": "integer",
                "value": 500
              }
            ]
          },
          "description": "Maximum allowed in Dataverse is 1000"
        },
        "Initialize_variable_-_ProcessedCount": {
          "runAfter": {
            "Initialize_variable_-_MaxBatchSize": [
              "Succeeded"
            ]
          },
          "metadata": {
            "operationMetadataId": "1383a7d1-4461-495f-bdff-88c4330cd643"
          },
          "type": "InitializeVariable",
          "inputs": {
            "variables": [
              {
                "name": "ProcessedCount",
                "type": "integer",
                "value": 0
              }
            ]
          }
        },
        "Initialize_variable_-_BatchID": {
          "runAfter": {
            "Initialize_variable_-_ThisBatch": [
              "Succeeded"
            ]
          },
          "metadata": {
            "operationMetadataId": "bd5060db-a715-4ccb-9f45-ca4720cd7e86"
          },
          "type": "InitializeVariable",
          "inputs": {
            "variables": [
              {
                "name": "BatchID",
                "type": "string",
                "value": "batch_@{guid()}"
              }
            ]
          }
        },
        "Initialize_variable_-_EnvironmentURL": {
          "runAfter": {},
          "metadata": {
            "operationMetadataId": "33f3f444-482f-469d-87d0-441dbae69d96"
          },
          "type": "InitializeVariable",
          "inputs": {
            "variables": [
              {
                "name": "EnvironmentURL",
                "type": "string",
                "value": "https://org00ecf582.crm5.dynamics.com"
              }
            ]
          }
        },
        "Initialize_variable_-_OrphanExternalTasks": {
          "runAfter": {
            "Initialize_variable_-_ProjectsWithMissingExternalProjectId": [
              "Succeeded"
            ]
          },
          "metadata": {
            "operationMetadataId": "3956da29-4ad3-4d1b-b736-8478635b668b"
          },
          "type": "InitializeVariable",
          "inputs": {
            "variables": [
              {
                "name": "OrphanExternalTasks",
                "type": "array"
              }
            ]
          }
        },
        "Scope_-_2_-_No_External_Project_But_Orphan_External_Tasks": {
          "actions": {
            "List_rows_with_no_external_projects_but_orphan_external_tasks": {
              "runAfter": {},
              "metadata": {
                "operationMetadataId": "87e46240-3533-46af-bf99-eef0148faa4f"
              },
              "type": "OpenApiConnection",
              "inputs": {
                "host": {
                  "connectionName": "shared_commondataserviceforapps",
                  "operationId": "ListRecords",
                  "apiId": "/providers/Microsoft.PowerApps/apis/shared_commondataserviceforapps"
                },
                "parameters": {
                  "entityName": "sensei_tasks",
                  "$select": "sensei_taskid,sensei_externaltaskid",
                  "$filter": "sensei_externaltaskid ne null and sensei_project/sensei_externalprojectid eq null",
                  "$expand": "sensei_project($select=sensei_projectid,sensei_externalprojectid),sensei_externaltask_task_sensei_task($select=sensei_externaltaskid)"
                },
                "authentication": "@parameters('$authentication')"
              }
            },
            "Apply_to_each_orphan_external_task": {
              "foreach": "@outputs('List_rows_with_no_external_projects_but_orphan_external_tasks')?['body/value']",
              "actions": {
                "Condition_-_Are_we_in_DeleteOrphanTasks_mode": {
                  "actions": {
                    "Append_to_array_variable_-_Delete_action_on_orphan_tasks": {
                      "runAfter": {},
                      "metadata": {
                        "operationMetadataId": "1dc1cc80-0dcc-4cb4-a927-5756026eb873"
                      },
                      "type": "AppendToArrayVariable",
                      "inputs": {
                        "name": "OrphanExternalTasks",
                        "value": "@concat('Content-Type: application/http',decodeUriComponent('%0D%0A'),'Content-Transfer-Encoding:binary',decodeUriComponent('%0D%0A%0D%0A'),'DELETE /api/data/v9.1/sensei_tasks(',items('Apply_to_each_orphan_external_task')?['sensei_taskid'],') HTTP/1.1',decodeUriComponent('%0D%0A%0D%0A'))"
                      }
                    }
                  },
                  "runAfter": {},
                  "else": {
                    "actions": {
                      "Append_to_array_variable_-_Update_action_on_orphan_tasks": {
                        "runAfter": {},
                        "metadata": {
                          "operationMetadataId": "512a6478-8df6-4bdb-8e83-a9ece7bd1b1c"
                        },
                        "type": "AppendToArrayVariable",
                        "inputs": {
                          "name": "OrphanExternalTasks",
                          "value": "@{concat('Content-Type: application/http',decodeUriComponent('%0D%0A'),'Content-Transfer-Encoding:binary',decodeUriComponent('%0D%0A%0D%0A'),'PATCH /api/data/v9.1/sensei_tasks(',items('Apply_to_each_orphan_external_task')?['sensei_taskid'],') HTTP/1.1',decodeUriComponent('%0D%0A'),'Content-Type: application/json;type=entry',decodeUriComponent('%0D%0A%0D%0A'))}@{concat('{ \"sensei_externalprojectid\": null, \"sensei_externaltaskid\": null, \"sensei_externalparenttaskid\": null, \"sensei_fieldlock\": null }')}"
                        }
                      }
                    }
                  },
                  "expression": {
                    "equals": [
                      "@variables('DeleteOrphanTasks')",
                      true
                    ]
                  },
                  "metadata": {
                    "operationMetadataId": "427df91a-f154-4586-91db-db671977e16c"
                  },
                  "type": "If"
                },
                "Condition_-_If_there_is_an_associated_external_task": {
                  "actions": {
                    "Append_to_array_variable_-_Update_action_on_related_external_task": {
                      "runAfter": {},
                      "metadata": {
                        "operationMetadataId": "fa232705-ac33-44f7-ae38-e7f0360ead29"
                      },
                      "type": "AppendToArrayVariable",
                      "inputs": {
                        "name": "OrphanExternalTasks",
                        "value": "@{concat('Content-Type: application/http',decodeUriComponent('%0D%0A'),'Content-Transfer-Encoding:binary',decodeUriComponent('%0D%0A%0D%0A'),'PATCH /api/data/v9.1/sensei_externaltasks(',items('Apply_to_each_orphan_external_task')?['sensei_externaltask_task_sensei_task'][0]?['sensei_externaltaskid'],') HTTP/1.1',decodeUriComponent('%0D%0A'),'Content-Type: application/json;type=entry',decodeUriComponent('%0D%0A%0D%0A'))}@{concat('{ \"sensei_project@odata.bind\": null, \"sensei_task@odata.bind\": null }')}"
                      }
                    }
                  },
                  "runAfter": {
                    "Condition_-_Are_we_in_DeleteOrphanTasks_mode": [
                      "Succeeded"
                    ]
                  },
                  "expression": {
                    "greater": [
                      "@length(items('Apply_to_each_orphan_external_task')?['sensei_externaltask_task_sensei_task'])",
                      0
                    ]
                  },
                  "metadata": {
                    "operationMetadataId": "20903e67-6848-4083-b92b-ecc82e802d0a"
                  },
                  "type": "If"
                }
              },
              "runAfter": {
                "List_rows_with_no_external_projects_but_orphan_external_tasks": [
                  "Succeeded"
                ]
              },
              "metadata": {
                "operationMetadataId": "ba6691b0-1a94-476b-848e-446d0f847cbf"
              },
              "type": "Foreach"
            }
          },
          "runAfter": {
            "Scope_-_1_-_Execute_or_Output": [
              "Succeeded"
            ]
          },
          "metadata": {
            "operationMetadataId": "45209f52-ca55-4c79-876d-87e4f422c3a7"
          },
          "type": "Scope",
          "description": "Looks for any tasks which are associated to a Project which is not an External Project but where there are tasks which have externally aligned linkages"
        },
        "Scope_-_2_-_Execute_or_Output": {
          "actions": {
            "Set_Count2": {
              "runAfter": {},
              "metadata": {
                "operationMetadataId": "dbe1cd16-2512-4d95-8357-1bc93932b20e"
              },
              "type": "SetVariable",
              "inputs": {
                "name": "Count2",
                "value": "@length(variables('OrphanExternalTasks'))"
              }
            },
            "Condition_-_Check_if_Exporting_or_Outputting_2": {
              "actions": {
                "Set_RemainingItemsToProcess_for_orphan_external_tasks": {
                  "runAfter": {},
                  "metadata": {
                    "operationMetadataId": "72c7b25c-e37c-4230-a768-97992c817dd4"
                  },
                  "type": "SetVariable",
                  "inputs": {
                    "name": "RemainingItemsToProcess",
                    "value": "@length(variables('OrphanExternalTasks'))"
                  }
                },
                "Reset_ProcessedCount_for_Delete_Items": {
                  "runAfter": {
                    "Set_RemainingItemsToProcess_for_orphan_external_tasks": [
                      "Succeeded"
                    ]
                  },
                  "metadata": {
                    "operationMetadataId": "12cee8d8-44c5-4598-8814-28d69f294bfc"
                  },
                  "type": "SetVariable",
                  "inputs": {
                    "name": "ProcessedCount",
                    "value": 0
                  }
                },
                "Do_until_no_more_orphan_external_tasks_to_process": {
                  "actions": {
                    "Set_ThisBatch_of_Orphan_Tasks": {
                      "runAfter": {},
                      "metadata": {
                        "operationMetadataId": "1067cd41-c05a-4c81-96a1-b411cacec2ae"
                      },
                      "type": "SetVariable",
                      "inputs": {
                        "name": "ThisBatch",
                        "value": "@take(skip(variables('OrphanExternalTasks'),variables('ProcessedCount')), variables('MaxBatchSize'))"
                      }
                    },
                    "Set_BatchID_for_Orphan_Tasks": {
                      "runAfter": {
                        "Set_ThisBatch_of_Orphan_Tasks": [
                          "Succeeded"
                        ]
                      },
                      "metadata": {
                        "operationMetadataId": "e2628250-ba8a-4ff5-ad62-886983cb49f6"
                      },
                      "type": "SetVariable",
                      "inputs": {
                        "name": "BatchID",
                        "value": "batch_@{guid()}"
                      }
                    },
                    "Increment_ProcessedCount_for_Orphan_Tasks": {
                      "runAfter": {
                        "Set_BatchID_for_Orphan_Tasks": [
                          "Succeeded"
                        ]
                      },
                      "metadata": {
                        "operationMetadataId": "4f32e781-ab9b-4217-81ea-66b82095abe3"
                      },
                      "type": "IncrementVariable",
                      "inputs": {
                        "name": "ProcessedCount",
                        "value": "@length(variables('ThisBatch'))"
                      }
                    },
                    "Decrement_RemainingItemsToProcess_for_Orphan_Tasks": {
                      "runAfter": {
                        "Increment_ProcessedCount_for_Orphan_Tasks": [
                          "Succeeded"
                        ]
                      },
                      "metadata": {
                        "operationMetadataId": "6501b20c-cc6f-416a-997e-b7c5fe48ff7b"
                      },
                      "type": "DecrementVariable",
                      "inputs": {
                        "name": "RemainingItemsToProcess"
                      }
                    },
                    "Data_to_process_string_for_Orphan_Tasks": {
                      "runAfter": {
                        "Decrement_RemainingItemsToProcess_for_Orphan_Tasks": [
                          "Succeeded"
                        ]
                      },
                      "metadata": {
                        "operationMetadataId": "faf83417-4634-4db7-862b-a7520434830c"
                      },
                      "type": "Compose",
                      "inputs": "@concat('--',variables('BatchID'),decodeUriComponent('%0D%0A'),join(variables('ThisBatch'),concat(decodeUriComponent('%0D%0A%0D%0A'),'--',variables('BatchID'),decodeUriComponent('%0D%0A'))))"
                    },
                    "If_Data_to_process_string_for_Orphan_Tasks_is_not_empty": {
                      "actions": {
                        "Execute_Batch_for_Orphan_Tasks": {
                          "runAfter": {},
                          "metadata": {
                            "operationMetadataId": "9f435dd2-f0f8-4386-ae12-4b92cd16639e"
                          },
                          "type": "OpenApiConnection",
                          "inputs": {
                            "host": {
                              "connectionName": "shared_webcontents",
                              "operationId": "InvokeHttp",
                              "apiId": "/providers/Microsoft.PowerApps/apis/shared_webcontents"
                            },
                            "parameters": {
                              "request/method": "PATCH",
                              "request/url": "@{variables('EnvironmentURL')}/api/data/v9.1/$batch",
                              "request/headers": {
                                "Accept": "application/json",
                                "Content-Type": "multipart/mixed;boundary=@{variables('BatchID')}"
                              },
                              "request/body": "@{outputs('Data_to_process_string_for_Orphan_Tasks')}\n\n\n--@{variables('BatchID')}--\n\n"
                            },
                            "authentication": "@parameters('$authentication')"
                          }
                        },
                        "Set_ExecuteErrorsEncountered_2": {
                          "runAfter": {
                            "Execute_Batch_for_Orphan_Tasks": [
                              "Failed",
                              "TimedOut"
                            ]
                          },
                          "metadata": {
                            "operationMetadataId": "47cb2046-77ea-4568-8974-3e9bb068e088"
                          },
                          "type": "SetVariable",
                          "inputs": {
                            "name": "ExecuteErrorsEncountered",
                            "value": true
                          },
                          "description": "This value will only be set if the previous action failed or timed out"
                        }
                      },
                      "runAfter": {
                        "Data_to_process_string_for_Orphan_Tasks": [
                          "Succeeded"
                        ]
                      },
                      "expression": {
                        "not": {
                          "equals": [
                            "@outputs('Data_to_process_string_for_Orphan_Tasks')",
                            "@concat('--',variables('BatchID'),decodeUriComponent('%0D%0A'))"
                          ]
                        }
                      },
                      "metadata": {
                        "operationMetadataId": "a266b455-172d-4e45-8922-080cd0db8ed3"
                      },
                      "type": "If"
                    }
                  },
                  "runAfter": {
                    "Reset_ProcessedCount_for_Delete_Items": [
                      "Succeeded"
                    ]
                  },
                  "expression": "@equals(variables('RemainingItemsToProcess'), 0)",
                  "limit": {
                    "count": 60,
                    "timeout": "PT1H"
                  },
                  "metadata": {
                    "operationMetadataId": "9d1df5d6-36ce-4446-8581-8db1b0a687bc"
                  },
                  "type": "Until"
                }
              },
              "runAfter": {
                "Set_Count2": [
                  "Succeeded"
                ]
              },
              "else": {
                "actions": {
                  "Compose": {
                    "runAfter": {},
                    "metadata": {
                      "operationMetadataId": "dde2257e-657b-4371-8b15-7e60c297790d"
                    },
                    "type": "Compose",
                    "inputs": "@variables('OrphanExternalTasks')"
                  }
                }
              },
              "expression": {
                "equals": [
                  "@variables('WillExecuteChanges')",
                  true
                ]
              },
              "metadata": {
                "operationMetadataId": "d3c6afb9-dbed-41d8-b0bd-4cd2267cbee6"
              },
              "type": "If"
            }
          },
          "runAfter": {
            "Scope_-_2_-_No_External_Project_But_Orphan_External_Tasks": [
              "Succeeded"
            ]
          },
          "metadata": {
            "operationMetadataId": "3432b2da-b5b8-4ec4-aaf9-d1e8dd5513f5"
          },
          "type": "Scope"
        },
        "Initialize_variable_-_OrphanDeletedExternalTasks": {
          "runAfter": {
            "Initialize_variable_-_OrphanExternalTasks": [
              "Succeeded"
            ]
          },
          "metadata": {
            "operationMetadataId": "ce24e47a-9de3-4acc-bc0c-3e88260de56e"
          },
          "type": "InitializeVariable",
          "inputs": {
            "variables": [
              {
                "name": "OrphanDeletedExternalTasks",
                "type": "array"
              }
            ]
          }
        },
        "Scope_-_3_-_Orphan_Deleted_External_Tasks": {
          "actions": {
            "List_External_Systems_with_Task_Sync_Tables": {
              "runAfter": {},
              "metadata": {
                "operationMetadataId": "1ccda9e2-0425-4d07-a948-25e81474b6a3"
              },
              "type": "OpenApiConnection",
              "inputs": {
                "host": {
                  "connectionName": "shared_commondataserviceforapps",
                  "operationId": "ListRecords",
                  "apiId": "/providers/Microsoft.PowerApps/apis/shared_commondataserviceforapps"
                },
                "parameters": {
                  "entityName": "sensei_externalsystems",
                  "$select": "sensei_tasksyncentityname",
                  "$filter": "sensei_tasksyncentityname ne null",
                  "$expand": "sensei_metadatamapping_externalsystem_sen($select=sensei_externalfieldname;$filter=sensei_mappingtype eq 955000001 and sensei_externalfieldtype eq 955000000)"
                },
                "authentication": "@parameters('$authentication')"
              },
              "description": "Get a list of External Systems which have a defined External Task table and a defined external task id key field"
            },
            "Apply_to_each_External_System": {
              "foreach": "@outputs('List_External_Systems_with_Task_Sync_Tables')?['body/value']",
              "actions": {
                "External_System_Id": {
                  "runAfter": {},
                  "metadata": {
                    "operationMetadataId": "4b2eda8f-d675-4f55-9c08-653efda11f26"
                  },
                  "type": "Compose",
                  "inputs": "@items('Apply_to_each_External_System')?['sensei_externalsystemid']"
                },
                "Task_Sync_Table": {
                  "runAfter": {
                    "External_System_Id": [
                      "Succeeded"
                    ]
                  },
                  "metadata": {
                    "operationMetadataId": "222af287-8a40-4081-a1fb-8a2828cf8ef1"
                  },
                  "type": "Compose",
                  "inputs": "@items('Apply_to_each_External_System')?['sensei_tasksyncentityname']"
                },
                "Task_Sync_Table_Task_Id_Key_Field": {
                  "runAfter": {
                    "Task_Sync_Table": [
                      "Succeeded"
                    ]
                  },
                  "metadata": {
                    "operationMetadataId": "c4ada286-552f-460d-bfaf-efc3c8524dc1"
                  },
                  "type": "Compose",
                  "inputs": "@items('Apply_to_each_External_System')?['sensei_metadatamapping_externalsystem_sen'][0]?['sensei_externalfieldname']"
                },
                "If_we_have_valid_values": {
                  "actions": {
                    "Compose_FetchXml_Query_with_Placeholder_replacements": {
                      "runAfter": {},
                      "metadata": {
                        "operationMetadataId": "77ea8302-308a-41da-bd54-b1744d03116c"
                      },
                      "type": "Compose",
                      "inputs": "@replace(replace(replace(Outputs('Compose_FetchXml_Template_for_Task_Query'),'{PLACEHOLDER_tasksynctable}',outputs('Task_Sync_Table')),'{PLACEHOLDER_tasksynctabletaskidkey}',outputs('Task_Sync_Table_Task_Id_Key_Field')),'{PLACEHOLDER_externalsystemid}',outputs('External_System_Id'))"
                    },
                    "List_Orphaned_External_Tasks_By_External_System": {
                      "runAfter": {
                        "Compose_FetchXml_Query_with_Placeholder_replacements": [
                          "Succeeded"
                        ]
                      },
                      "metadata": {
                        "operationMetadataId": "fac0d512-d351-4a15-a87d-4cd4b36fefdf"
                      },
                      "type": "OpenApiConnection",
                      "inputs": {
                        "host": {
                          "connectionName": "shared_commondataserviceforapps",
                          "operationId": "ListRecords",
                          "apiId": "/providers/Microsoft.PowerApps/apis/shared_commondataserviceforapps"
                        },
                        "parameters": {
                          "entityName": "sensei_tasks",
                          "fetchXml": "@encodeUriComponent(outputs('Compose_FetchXml_Query_with_Placeholder_replacements'))"
                        },
                        "authentication": "@parameters('$authentication')"
                      }
                    },
                    "Apply_to_each_orphaned_external_task_for_this_external_system": {
                      "foreach": "@outputs('List_Orphaned_External_Tasks_By_External_System')?['body/value']",
                      "actions": {
                        "Append_to_array_variable_-_Tasks_to_Delete_for_this_External_System": {
                          "runAfter": {},
                          "metadata": {
                            "operationMetadataId": "b4745003-8fcd-4805-8e3f-caff714ec361"
                          },
                          "type": "AppendToArrayVariable",
                          "inputs": {
                            "name": "OrphanDeletedExternalTasks",
                            "value": "@concat('Content-Type: application/http',decodeUriComponent('%0D%0A'),'Content-Transfer-Encoding:binary',decodeUriComponent('%0D%0A%0D%0A'),'DELETE /api/data/v9.1/sensei_tasks(',items('Apply_to_each_orphaned_external_task_for_this_external_system')?['sensei_taskid'],') HTTP/1.1',decodeUriComponent('%0D%0A%0D%0A'))"
                          }
                        }
                      },
                      "runAfter": {
                        "List_Orphaned_External_Tasks_By_External_System": [
                          "Succeeded"
                        ]
                      },
                      "metadata": {
                        "operationMetadataId": "e7228e14-704b-434e-92e6-bca7187cee44"
                      },
                      "type": "Foreach"
                    }
                  },
                  "runAfter": {
                    "Task_Sync_Table_Task_Id_Key_Field": [
                      "Succeeded"
                    ]
                  },
                  "expression": {
                    "and": [
                      {
                        "not": {
                          "equals": [
                            "@outputs('Task_Sync_Table')",
                            ""
                          ]
                        }
                      },
                      {
                        "not": {
                          "equals": [
                            "@outputs('Task_Sync_Table_Task_Id_Key_Field')",
                            ""
                          ]
                        }
                      },
                      {
                        "not": {
                          "equals": [
                            "@outputs('External_System_Id')",
                            ""
                          ]
                        }
                      }
                    ]
                  },
                  "metadata": {
                    "operationMetadataId": "54195e5f-b206-4bd9-bd96-a2e432f28857"
                  },
                  "type": "If"
                }
              },
              "runAfter": {
                "Compose_FetchXml_Template_for_Task_Query": [
                  "Succeeded"
                ]
              },
              "metadata": {
                "operationMetadataId": "4e824f25-aff3-4ed0-b267-d5894d6be405"
              },
              "type": "Foreach"
            },
            "Compose_FetchXml_Template_for_Task_Query": {
              "runAfter": {
                "List_External_Systems_with_Task_Sync_Tables": [
                  "Succeeded"
                ]
              },
              "metadata": {
                "operationMetadataId": "30ff845a-4f56-4fda-9b7e-72d9316f24a3"
              },
              "type": "Compose",
              "inputs": "<fetch>\n  <entity name=\"sensei_task\">\n    <attribute name=\"sensei_taskid\" />\n    <link-entity name=\"{PLACEHOLDER_tasksynctable}\" from=\"{PLACEHOLDER_tasksynctabletaskidkey}\" to=\"sensei_externaltaskid\" link-type=\"not any\" alias=\"tasksynctable\" />\n    <link-entity name=\"sensei_externaltask\" from=\"sensei_task\" to=\"sensei_taskid\" link-type=\"not any\" alias=\"externaltask\" />\n    <link-entity name=\"sensei_project\" from=\"sensei_projectid\" to=\"sensei_project\" alias=\"project\">\n      <link-entity name=\"sensei_externalproject\" from=\"sensei_project\" to=\"sensei_projectid\" link-type=\"inner\" alias=\"externalproject\">\n        <filter>\n          <condition attribute=\"sensei_externalsystem\" operator=\"eq\" value=\"{PLACEHOLDER_externalsystemid}\" />\n        </filter>\n      </link-entity>\n    </link-entity>\n  </entity>\n</fetch>",
              "description": "This query will return sensei_tasks which are associated to a Project which has an external project record for the specified External System and where there is no related external task or task sync table task."
            }
          },
          "runAfter": {
            "Scope_-_2_-_Execute_or_Output": [
              "Succeeded"
            ]
          },
          "metadata": {
            "operationMetadataId": "6b24815f-7c0e-4cdd-9741-d793686b5f4d"
          },
          "type": "Scope",
          "description": "Looks for any Tasks associated to an Externally aligned Project but where the external task it is associated to is no longer referenced in the source task sync table or the external task table"
        },
        "Scope_-_3_-_Execute_or_Output": {
          "actions": {
            "Set_Count3": {
              "runAfter": {},
              "metadata": {
                "operationMetadataId": "18782fee-737b-4068-9c4b-c8341f324f24"
              },
              "type": "SetVariable",
              "inputs": {
                "name": "Count3",
                "value": "@length(variables('OrphanDeletedExternalTasks'))"
              }
            },
            "Check_if_Exporting_or_Outputting_for_Delete_Orphan_Externals": {
              "actions": {
                "Set_RemainingItemsToProcess_for_Delete_Orphan_Externals": {
                  "runAfter": {},
                  "metadata": {
                    "operationMetadataId": "029bee4d-bd50-44b0-b6eb-3adad6c996b0"
                  },
                  "type": "SetVariable",
                  "inputs": {
                    "name": "RemainingItemsToProcess",
                    "value": "@length(variables('OrphanDeletedExternalTasks'))"
                  }
                },
                "Reset_ProcessedCount_for_Delete_Orphan_Externals": {
                  "runAfter": {
                    "Set_RemainingItemsToProcess_for_Delete_Orphan_Externals": [
                      "Succeeded"
                    ]
                  },
                  "metadata": {
                    "operationMetadataId": "8dcee172-9bdd-41ce-9e12-73f17a9f621f"
                  },
                  "type": "SetVariable",
                  "inputs": {
                    "name": "ProcessedCount",
                    "value": 0
                  }
                },
                "Do_until_no_more_Delete_Orphan_External_to_process": {
                  "actions": {
                    "Get_ThisBatch_of_Delete_Orphan_Externals": {
                      "runAfter": {},
                      "metadata": {
                        "operationMetadataId": "3857496a-cebe-40bf-a9fb-bb11783ac897"
                      },
                      "type": "SetVariable",
                      "inputs": {
                        "name": "ThisBatch",
                        "value": "@take(skip(variables('OrphanDeletedExternalTasks'),variables('ProcessedCount')), variables('MaxBatchSize'))"
                      }
                    },
                    "Set_BatchID_for_Delete_Orphan_Externals": {
                      "runAfter": {
                        "Get_ThisBatch_of_Delete_Orphan_Externals": [
                          "Succeeded"
                        ]
                      },
                      "metadata": {
                        "operationMetadataId": "feb47471-defc-406d-ba15-352ee4f4e7c9"
                      },
                      "type": "SetVariable",
                      "inputs": {
                        "name": "BatchID",
                        "value": "batch_@{guid()}"
                      }
                    },
                    "Increment_ProcessedCount_for_Delete_Orphan_Externals": {
                      "runAfter": {
                        "Set_BatchID_for_Delete_Orphan_Externals": [
                          "Succeeded"
                        ]
                      },
                      "metadata": {
                        "operationMetadataId": "f5ca9fda-bdc4-45ca-8bc5-a70af3a19a86"
                      },
                      "type": "IncrementVariable",
                      "inputs": {
                        "name": "ProcessedCount",
                        "value": "@length(variables('ThisBatch'))"
                      }
                    },
                    "Decrement_RemainingItemsToProcess_for_Delete_Orphan_Externals": {
                      "runAfter": {
                        "Increment_ProcessedCount_for_Delete_Orphan_Externals": [
                          "Succeeded"
                        ]
                      },
                      "metadata": {
                        "operationMetadataId": "2f422278-4e0e-4849-ad1d-44cc743fa052"
                      },
                      "type": "DecrementVariable",
                      "inputs": {
                        "name": "RemainingItemsToProcess",
                        "value": "@length(variables('ThisBatch'))"
                      }
                    },
                    "Create_String_of_Delete_Orphan_Externals": {
                      "runAfter": {
                        "Decrement_RemainingItemsToProcess_for_Delete_Orphan_Externals": [
                          "Succeeded"
                        ]
                      },
                      "metadata": {
                        "operationMetadataId": "0e250c5c-8f9f-4790-b0e9-88ea71bde9b6"
                      },
                      "type": "Compose",
                      "inputs": "@concat('--',variables('BatchID'),decodeUriComponent('%0D%0A'),join(variables('ThisBatch'),concat(decodeUriComponent('%0D%0A%0D%0A'),'--',variables('BatchID'),decodeUriComponent('%0D%0A'))))"
                    },
                    "If_Output_for_Delete_Orphan_Externals_is_not_empty": {
                      "actions": {
                        "Execute_Batch_for_Delete_Orphan_Externals": {
                          "runAfter": {},
                          "metadata": {
                            "operationMetadataId": "628de0fb-3114-4e0a-b3b1-59e402fe180b"
                          },
                          "type": "OpenApiConnection",
                          "inputs": {
                            "host": {
                              "connectionName": "shared_webcontents",
                              "operationId": "InvokeHttp",
                              "apiId": "/providers/Microsoft.PowerApps/apis/shared_webcontents"
                            },
                            "parameters": {
                              "request/method": "POST",
                              "request/url": "@{variables('EnvironmentURL')}/api/data/v9.1/$batch",
                              "request/headers": {
                                "Accept": "application/json",
                                "Content-Type": "multipart/mixed;boundary=@{variables('BatchID')}"
                              },
                              "request/body": "@{outputs('Create_String_of_Delete_Orphan_Externals')}\n\n--@{variables('BatchID')}--\n\n"
                            },
                            "authentication": "@parameters('$authentication')"
                          }
                        },
                        "Set_ExecuteErrorsEncountered_3": {
                          "runAfter": {
                            "Execute_Batch_for_Delete_Orphan_Externals": [
                              "Failed",
                              "TimedOut"
                            ]
                          },
                          "metadata": {
                            "operationMetadataId": "d7ab410b-7e18-4b50-8c20-3f43737abbde"
                          },
                          "type": "SetVariable",
                          "inputs": {
                            "name": "ExecuteErrorsEncountered",
                            "value": true
                          },
                          "description": "This value will only be set if the previous action failed or timed out"
                        }
                      },
                      "runAfter": {
                        "Create_String_of_Delete_Orphan_Externals": [
                          "Succeeded"
                        ]
                      },
                      "expression": {
                        "not": {
                          "equals": [
                            "@outputs('Create_String_of_Delete_Orphan_Externals')",
                            "@concat('--',variables('BatchID'),decodeUriComponent('%0D%0A'))"
                          ]
                        }
                      },
                      "metadata": {
                        "operationMetadataId": "b6aeed0a-4afc-42d6-8cef-ccc10e1aa79d"
                      },
                      "type": "If"
                    }
                  },
                  "runAfter": {
                    "Reset_ProcessedCount_for_Delete_Orphan_Externals": [
                      "Succeeded"
                    ]
                  },
                  "expression": "@equals(variables('RemainingItemsToProcess'), 0)",
                  "limit": {
                    "count": 60,
                    "timeout": "PT1H"
                  },
                  "metadata": {
                    "operationMetadataId": "384d26d6-0ff4-4149-8095-32fe31d6f054"
                  },
                  "type": "Until"
                }
              },
              "runAfter": {
                "Set_Count3": [
                  "Succeeded"
                ]
              },
              "else": {
                "actions": {
                  "Compose_Output_Delete_Orphan_Externals": {
                    "runAfter": {},
                    "metadata": {
                      "operationMetadataId": "35c356e9-b200-406f-bbf8-666182467763"
                    },
                    "type": "Compose",
                    "inputs": "@variables('OrphanDeletedExternalTasks')"
                  }
                }
              },
              "expression": {
                "equals": [
                  "@variables('WillExecuteChanges')",
                  true
                ]
              },
              "metadata": {
                "operationMetadataId": "c8111d99-8ed3-4cbd-a47b-738b815b7920"
              },
              "type": "If"
            }
          },
          "runAfter": {
            "Scope_-_3_-_Orphan_Deleted_External_Tasks": [
              "Succeeded"
            ]
          },
          "metadata": {
            "operationMetadataId": "40f6cfd1-b1f9-41b6-acae-a06cc27d5405"
          },
          "type": "Scope"
        },
        "Scope_-_4_-_External_Tasks_with_missing_Project_lookup_reference": {
          "actions": {
            "List_External_Tasks_with_missing_Project_lookup_reference": {
              "runAfter": {},
              "metadata": {
                "operationMetadataId": "34ca866b-c818-4e22-b87e-8cc9eb19a890"
              },
              "type": "OpenApiConnection",
              "inputs": {
                "host": {
                  "connectionName": "shared_commondataserviceforapps",
                  "operationId": "ListRecords",
                  "apiId": "/providers/Microsoft.PowerApps/apis/shared_commondataserviceforapps"
                },
                "parameters": {
                  "entityName": "sensei_externaltasks",
                  "$select": "sensei_externaltaskid,_sensei_project_value",
                  "$filter": "_sensei_project_value eq null and sensei_externalproject ne null and sensei_externalproject/_sensei_project_value ne null",
                  "$expand": "sensei_externalproject($select=_sensei_project_value)"
                },
                "authentication": "@parameters('$authentication')"
              }
            },
            "Apply_to_each_External_Task_with_missing_Project_lookup_reference": {
              "foreach": "@outputs('List_External_Tasks_with_missing_Project_lookup_reference')?['body/value']",
              "actions": {
                "Append_to_ExternalTasksMissingProjectReference": {
                  "runAfter": {},
                  "metadata": {
                    "operationMetadataId": "9c020edb-94d1-471e-8152-e0986588ed6a"
                  },
                  "type": "AppendToArrayVariable",
                  "inputs": {
                    "name": "ExternalTasksMissingProjectReference",
                    "value": "@{concat('Content-Type: application/http',decodeUriComponent('%0D%0A'),'Content-Transfer-Encoding:binary',decodeUriComponent('%0D%0A%0D%0A'),'PATCH /api/data/v9.1/sensei_externaltasks(',items('Apply_to_each_External_Task_with_missing_Project_lookup_reference')?['sensei_externaltaskid'],') HTTP/1.1',decodeUriComponent('%0D%0A'),'Content-Type: application/json;type=entry',decodeUriComponent('%0D%0A%0D%0A'))}@{concat('{ \"sensei_project@odata.bind\": \"/sensei_projects(',items('Apply_to_each_External_Task_with_missing_Project_lookup_reference')?['sensei_externalproject']?['_sensei_project_value'],')\" }')}"
                  }
                }
              },
              "runAfter": {
                "List_External_Tasks_with_missing_Project_lookup_reference": [
                  "Succeeded"
                ]
              },
              "metadata": {
                "operationMetadataId": "d9cc9639-b005-44d4-b809-a866d3539b00"
              },
              "type": "Foreach"
            }
          },
          "runAfter": {
            "Scope_-_3_-_Execute_or_Output": [
              "Succeeded"
            ]
          },
          "metadata": {
            "operationMetadataId": "d57b71fa-d545-47c2-97e6-0de664e17b41"
          },
          "type": "Scope",
          "description": "Look for any External Task records for Projects which have an External Project record but the sensei_project reference is set. This scenario prevents new tasks from being sync'd to the Altus Project"
        },
        "Initialize_variable_-_ExternalTasksMissingProjectReference": {
          "runAfter": {
            "Initialize_variable_-_OrphanDeletedExternalTasks": [
              "Succeeded"
            ]
          },
          "metadata": {
            "operationMetadataId": "3a6039a9-f4ae-4dab-aca9-a6cd9738cb2b"
          },
          "type": "InitializeVariable",
          "inputs": {
            "variables": [
              {
                "name": "ExternalTasksMissingProjectReference",
                "type": "array"
              }
            ]
          }
        },
        "Scope_-_4_-_Execute_or_Output": {
          "actions": {
            "Condition_-_Check_if_Executing_or_Outputting_4": {
              "actions": {
                "Set_RemainingItemsToProcess_for_ExternalTasksMissingProjectReference": {
                  "runAfter": {},
                  "metadata": {
                    "operationMetadataId": "b9309ddd-a186-499a-9505-52d74313ea91"
                  },
                  "type": "SetVariable",
                  "inputs": {
                    "name": "RemainingItemsToProcess",
                    "value": "@length(variables('ExternalTasksMissingProjectReference'))"
                  }
                },
                "Reset_ProcessedCount_for_ExternalTasksMissingProjectReference": {
                  "runAfter": {
                    "Set_RemainingItemsToProcess_for_ExternalTasksMissingProjectReference": [
                      "Succeeded"
                    ]
                  },
                  "metadata": {
                    "operationMetadataId": "30ec2888-ecde-446a-99f3-625e24ec0342"
                  },
                  "type": "SetVariable",
                  "inputs": {
                    "name": "ProcessedCount",
                    "value": 0
                  }
                },
                "Do_until_no_more_ExternalTasksMissingProjectReference_items_to_process": {
                  "actions": {
                    "Get_ThisBatch_of_ExternalTasksMissingProjectReference": {
                      "runAfter": {},
                      "metadata": {
                        "operationMetadataId": "15201fb3-2b27-4d8f-8619-0befd1236c25"
                      },
                      "type": "SetVariable",
                      "inputs": {
                        "name": "ThisBatch",
                        "value": "@take(skip(variables('ExternalTasksMissingProjectReference'),variables('ProcessedCount')), variables('MaxBatchSize'))"
                      }
                    },
                    "Set_BatchID_for_ExternalTasksMissingProjectReference": {
                      "runAfter": {
                        "Get_ThisBatch_of_ExternalTasksMissingProjectReference": [
                          "Succeeded"
                        ]
                      },
                      "metadata": {
                        "operationMetadataId": "6d76c42e-0f7c-4fe0-8143-6b494f38ebf1"
                      },
                      "type": "SetVariable",
                      "inputs": {
                        "name": "BatchID",
                        "value": "batch_@{guid()}"
                      }
                    },
                    "Increment_ProcessedCount_for_ExternalTasksMissingProjectReference": {
                      "runAfter": {
                        "Set_BatchID_for_ExternalTasksMissingProjectReference": [
                          "Succeeded"
                        ]
                      },
                      "metadata": {
                        "operationMetadataId": "dd6553c9-8cd8-4d39-9b67-58e745962600"
                      },
                      "type": "IncrementVariable",
                      "inputs": {
                        "name": "ProcessedCount",
                        "value": "@length(variables('ThisBatch'))"
                      }
                    },
                    "Decrement_RemainingItemsToProcess_for_ExternalTasksMissingProjectReference": {
                      "runAfter": {
                        "Increment_ProcessedCount_for_ExternalTasksMissingProjectReference": [
                          "Succeeded"
                        ]
                      },
                      "metadata": {
                        "operationMetadataId": "f5757d89-b8f0-418c-b2c2-a0860518ba6e"
                      },
                      "type": "DecrementVariable",
                      "inputs": {
                        "name": "RemainingItemsToProcess",
                        "value": "@length(variables('ThisBatch'))"
                      }
                    },
                    "Compose_ExternalTasksMissingProjectReference_String": {
                      "runAfter": {
                        "Decrement_RemainingItemsToProcess_for_ExternalTasksMissingProjectReference": [
                          "Succeeded"
                        ]
                      },
                      "metadata": {
                        "operationMetadataId": "da4ac7e3-d20d-436d-b034-8b946b64518b"
                      },
                      "type": "Compose",
                      "inputs": "@concat('--',variables('BatchID'),decodeUriComponent('%0D%0A'),join(variables('ThisBatch'),concat(decodeUriComponent('%0D%0A%0D%0A'),'--',variables('BatchID'),decodeUriComponent('%0D%0A'))))"
                    },
                    "If_Output_for_ExternalTasksMissingProjectReference_is_not_empty": {
                      "actions": {
                        "Invoke_an_HTTP_request": {
                          "runAfter": {},
                          "metadata": {
                            "operationMetadataId": "b339a955-5d7a-40ae-85fe-c380eedf00cc"
                          },
                          "type": "OpenApiConnection",
                          "inputs": {
                            "host": {
                              "connectionName": "shared_webcontents",
                              "operationId": "InvokeHttp",
                              "apiId": "/providers/Microsoft.PowerApps/apis/shared_webcontents"
                            },
                            "parameters": {
                              "request/method": "POST",
                              "request/url": "@{variables('EnvironmentURL')}/api/data/v9.1/$batch",
                              "request/headers": {
                                "Accept": "application/json",
                                "Content-Type": "multipart/mixed;boundary=@{variables('BatchID')}"
                              },
                              "request/body": "@{outputs('Compose_ExternalTasksMissingProjectReference_String')}\n\n--@{variables('BatchID')}--\n\n"
                            },
                            "authentication": "@parameters('$authentication')"
                          }
                        },
                        "Set_ExecuteErrorsEncountered_4": {
                          "runAfter": {
                            "Invoke_an_HTTP_request": [
                              "Failed",
                              "TimedOut"
                            ]
                          },
                          "metadata": {
                            "operationMetadataId": "f488378d-0b17-4828-b422-24f49b4eab79"
                          },
                          "type": "SetVariable",
                          "inputs": {
                            "name": "ExecuteErrorsEncountered",
                            "value": true
                          },
                          "description": "This value will only be set if the previous action failed or timed out"
                        }
                      },
                      "runAfter": {
                        "Compose_ExternalTasksMissingProjectReference_String": [
                          "Succeeded"
                        ]
                      },
                      "expression": {
                        "not": {
                          "equals": [
                            "@outputs('Compose_ExternalTasksMissingProjectReference_String')",
                            "@concat('--',variables('BatchID'),decodeUriComponent('%0D%0A'))"
                          ]
                        }
                      },
                      "metadata": {
                        "operationMetadataId": "5c264153-da0e-4b5d-8714-cda5268d8135"
                      },
                      "type": "If"
                    }
                  },
                  "runAfter": {
                    "Reset_ProcessedCount_for_ExternalTasksMissingProjectReference": [
                      "Succeeded"
                    ]
                  },
                  "expression": "@equals(variables('RemainingItemsToProcess'), 0)",
                  "limit": {
                    "count": 60,
                    "timeout": "PT1H"
                  },
                  "metadata": {
                    "operationMetadataId": "6e704e07-401c-444f-a4e8-bb7f54c4d324"
                  },
                  "type": "Until"
                }
              },
              "runAfter": {},
              "else": {
                "actions": {
                  "Compose_Output_External_Tasks_with_missing_Project_lookup_reference": {
                    "runAfter": {},
                    "metadata": {
                      "operationMetadataId": "957250a4-c692-4208-912d-c36871e1c09b"
                    },
                    "type": "Compose",
                    "inputs": "@variables('ExternalTasksMissingProjectReference')"
                  }
                }
              },
              "expression": {
                "equals": [
                  "@variables('WillExecuteChanges')",
                  true
                ]
              },
              "metadata": {
                "operationMetadataId": "51c30e53-958e-4aba-afae-5524d8c867e1"
              },
              "type": "If"
            },
            "Set_Count4": {
              "runAfter": {
                "Condition_-_Check_if_Executing_or_Outputting_4": [
                  "Succeeded"
                ]
              },
              "metadata": {
                "operationMetadataId": "e8c89162-6300-4eb5-986b-82cc6105058a"
              },
              "type": "SetVariable",
              "inputs": {
                "name": "Count4",
                "value": "@length(variables('ExternalTasksMissingProjectReference'))"
              }
            }
          },
          "runAfter": {
            "Scope_-_4_-_External_Tasks_with_missing_Project_lookup_reference": [
              "Succeeded"
            ]
          },
          "metadata": {
            "operationMetadataId": "c6fd829e-3b4f-4222-bb1b-80dc3e83cb2b"
          },
          "type": "Scope"
        },
        "Initialize_variable_-_ExecuteErrorsEncountered": {
          "runAfter": {
            "Initialize_variable_-_Count4": [
              "Succeeded"
            ]
          },
          "metadata": {
            "operationMetadataId": "b722761f-b6c6-4c9d-9a29-d79389a7ff9e"
          },
          "type": "InitializeVariable",
          "inputs": {
            "variables": [
              {
                "name": "ExecuteErrorsEncountered",
                "type": "boolean",
                "value": false
              }
            ]
          },
          "description": "If any errors are encountered during InvokeHTTPRequest actions, this variable will be marked as true and a check at the end of the Flow will ensure the Flow run is marked as error."
        },
        "Condition_-_Check_for_Execute_Errors": {
          "actions": {
            "Terminate_with_Failed_message": {
              "runAfter": {},
              "metadata": {
                "operationMetadataId": "c678cf36-6cf5-47d4-9b5c-2f57875af8c3"
              },
              "type": "Terminate",
              "inputs": {
                "runStatus": "Failed",
                "runError": {
                  "message": "At least one Execute HTTP Request action failed. Expand Execute or Output scopes to find the error(s)."
                }
              }
            }
          },
          "runAfter": {
            "Scope_-_Log": [
              "Succeeded"
            ]
          },
          "expression": {
            "equals": [
              "@variables('ExecuteErrorsEncountered')",
              true
            ]
          },
          "metadata": {
            "operationMetadataId": "7ec721c0-0053-472c-99de-7871bfe92ad8"
          },
          "type": "If",
          "description": "If an error encountered during execution of a HTTP request, it will be logged during the Execute or Output scope. If an error has occurred during any of these actions, report the Flow as Failed."
        },
        "Initialize_variable_-_Count1": {
          "runAfter": {
            "Initialize_variable_-_ExternalTasksMissingProjectReference": [
              "Succeeded"
            ]
          },
          "metadata": {
            "operationMetadataId": "58281195-884c-4d3a-9c5c-a0f0587fe8f0"
          },
          "type": "InitializeVariable",
          "inputs": {
            "variables": [
              {
                "name": "Count1",
                "type": "integer",
                "value": 0
              }
            ]
          }
        },
        "Initialize_variable_-_Count2": {
          "runAfter": {
            "Initialize_variable_-_Count1": [
              "Succeeded"
            ]
          },
          "metadata": {
            "operationMetadataId": "6db2f400-de61-4c82-9502-2f565a4ee213"
          },
          "type": "InitializeVariable",
          "inputs": {
            "variables": [
              {
                "name": "Count2",
                "type": "integer",
                "value": 0
              }
            ]
          }
        },
        "Initialize_variable_-_Count3": {
          "runAfter": {
            "Initialize_variable_-_Count2": [
              "Succeeded"
            ]
          },
          "metadata": {
            "operationMetadataId": "0d67e29d-6ce0-46f0-b7ee-c1ee512aab20"
          },
          "type": "InitializeVariable",
          "inputs": {
            "variables": [
              {
                "name": "Count3",
                "type": "integer",
                "value": 0
              }
            ]
          }
        },
        "Initialize_variable_-_Count4": {
          "runAfter": {
            "Initialize_variable_-_Count3": [
              "Succeeded"
            ]
          },
          "metadata": {
            "operationMetadataId": "e08c8295-ea08-4616-8bfb-855cd3bfe71c"
          },
          "type": "InitializeVariable",
          "inputs": {
            "variables": [
              {
                "name": "Count4",
                "type": "integer",
                "value": 0
              }
            ]
          }
        },
        "Scope_-_Log": {
          "actions": {
            "HTTP": {
              "runAfter": {
                "Compose_Logs_Body": [
                  "Succeeded"
                ]
              },
              "metadata": {
                "operationMetadataId": "36b999c3-45e6-43d6-9361-0ea6d89360f9"
              },
              "type": "Http",
              "inputs": {
                "method": "POST",
                "uri": "https://australiasoutheast-0.in.applicationinsights.azure.com/v2/track",
                "headers": {
                  "Accept": "*/*",
                  "Content-type": "application/json"
                },
                "body": "@outputs('Compose_Logs_Body')"
              }
            },
            "TimeStamp": {
              "runAfter": {},
              "metadata": {
                "operationMetadataId": "3d3a3ad7-b788-4320-9caa-ea1b718eaf7b"
              },
              "type": "Compose",
              "inputs": "@utcNow()"
            },
            "Compose_Logs_Body": {
              "runAfter": {
                "Compose_GUID": [
                  "Succeeded"
                ]
              },
              "metadata": {
                "operationMetadataId": "61836f51-12ce-4a87-9f14-fe088ca56d4b"
              },
              "type": "Compose",
              "inputs": [
                {
                  "time": "@{outputs('TimeStamp')}",
                  "iKey": "46493c4d-0804-4f25-bcd1-49e1d6b0287f",
                  "name": "Microsoft.ApplicationInsights.46493c4d-0804-4f25-bcd1-49e1d6b0287f.Pageview",
                  "tags": {
                    "ai.device.id": "browser",
                    "ai.device.type": "Browser",
                    "ai.operation.name": "Run Flow",
                    "ai.operation.id": "@{outputs('Compose_GUID')}",
                    "ai.internal.sdkVersion": "javascript:3.1.0",
                    "ai.internal.snippet": "-"
                  },
                  "data": {
                    "baseType": "PageviewData",
                    "baseData": {
                      "name": "External Task Sync Health Check",
                      "url": "@{variables('EnvironmentURL')}",
                      "properties": {
                        "WillExecuteChanges": "@{variables('WillExecuteChanges')}",
                        "DeleteOrphanTasks": "@{variables('DeleteOrphanTasks')}"
                      },
                      "measurements": {
                        "CountProjectsWithMissingExternalProjectId": "@variables('Count1')",
                        "CountOrphanExternalTasks": "@variables('Count2')",
                        "CountOrphanDeletedExternalTasks": "@variables('Count3')",
                        "CountExternalTasksMissingProjectReference": "@variables('Count4')"
                      },
                      "id": "46493c4d-0804-4f25-bcd1-49e1d6b0287f"
                    }
                  }
                }
              ]
            },
            "Compose_GUID": {
              "runAfter": {
                "TimeStamp": [
                  "Succeeded"
                ]
              },
              "metadata": {
                "operationMetadataId": "921ebc5a-9f75-4487-b377-a01d84685498"
              },
              "type": "Compose",
              "inputs": "@guid()"
            },
            "Compose_-_Ignore_Any_Error": {
              "runAfter": {
                "HTTP": [
                  "Failed",
                  "TimedOut"
                ]
              },
              "metadata": {
                "operationMetadataId": "4be73511-dcb8-4474-8dc0-a301c84d84bf"
              },
              "type": "Compose",
              "inputs": "An error occurred during Application Insights logging"
            }
          },
          "runAfter": {
            "Scope_-_4_-_Execute_or_Output": [
              "Succeeded"
            ]
          },
          "metadata": {
            "operationMetadataId": "9f7aec27-1a2f-4c0d-a563-a9ff3497452d"
          },
          "type": "Scope"
        }
      }
    },
    "templateName": ""
  },
  "schemaVersion": "1.0.0.0"
}