{
  "properties": {
    "connectionReferences": {
      "shared_commondataserviceforapps": {
        "runtimeSource": "embedded",
        "connection": {
          "connectionReferenceLogicalName": "new_sharedcommondataserviceforapps_9597b"
        },
        "api": {
          "name": "shared_commondataserviceforapps"
        }
      },
      "shared_webcontents_1": {
        "runtimeSource": "embedded",
        "connection": {
          "connectionReferenceLogicalName": "new_sharedwebcontents_2ee1b"
        },
        "api": {
          "name": "shared_webcontents"
        }
      }
    },
    "definition": {
      "$schema": "https://schema.management.azure.com/providers/Microsoft.Logic/schemas/2016-06-01/workflowdefinition.json#",
      "contentVersion": "undefined",
      "parameters": {
        "$connections": {
          "defaultValue": {},
          "type": "Object"
        },
        "$authentication": {
          "defaultValue": {},
          "type": "SecureObject"
        }
      },
      "triggers": {
        "Recurrence": {
          "recurrence": {
            "frequency": "Day",
            "interval": 1,
            "schedule": {
              "hours": [
                "0"
              ]
            }
          },
          "metadata": {
            "operationMetadataId": "572e6d8f-bee3-458b-a68f-bd05fcfdc787"
          },
          "type": "Recurrence"
        }
      },
      "actions": {
        "List_rows": {
          "runAfter": {},
          "metadata": {
            "operationMetadataId": "eaf6553e-5b6a-4b04-9368-0dd1280ac434"
          },
          "type": "OpenApiConnection",
          "inputs": {
            "host": {
              "connectionName": "shared_commondataserviceforapps",
              "operationId": "ListRecords",
              "apiId": "/providers/Microsoft.PowerApps/apis/shared_commondataserviceforapps"
            },
            "parameters": {
              "entityName": "sensei_projects",
              "$select": "sensei_projectid"
            },
            "authentication": "@parameters('$authentication')"
          }
        },
        "Run_API_per_project": {
          "foreach": "@outputs('List_rows')?['body/value']",
          "actions": {
            "Perform_an_unbound_action": {
              "runAfter": {},
              "metadata": {
                "operationMetadataId": "ab3bd780-a35b-4ea6-9355-e0f36f053178"
              },
              "type": "OpenApiConnection",
              "inputs": {
                "host": {
                  "connectionName": "shared_commondataserviceforapps",
                  "operationId": "PerformUnboundAction",
                  "apiId": "/providers/Microsoft.PowerApps/apis/shared_commondataserviceforapps"
                },
                "parameters": {
                  "actionName": "sensei_timesheettofinancesync",
                  "item/parentid": "@items('Run_API_per_project')?['sensei_projectid']",
                  "item/parententity": "sensei_project"
                },
                "authentication": "@parameters('$authentication')"
              }
            },
            "Parse_JSON": {
              "runAfter": {
                "Perform_an_unbound_action": [
                  "Succeeded"
                ]
              },
              "metadata": {
                "operationMetadataId": "3af8f7ff-008c-4ad2-8c33-d68e62123411"
              },
              "type": "ParseJson",
              "inputs": {
                "content": "@outputs('Perform_an_unbound_action')?['body/data']",
                "schema": {
                  "type": "array",
                  "items": {
                    "type": "object",
                    "properties": {
                      "action": {
                        "type": "string"
                      },
                      "body": {
                        "type": [
                          "string",
                          "null"
                        ]
                      },
                      "entityEndpoint": {
                        "type": "string"
                      }
                    },
                    "required": [
                      "action",
                      "body",
                      "entityEndpoint"
                    ]
                  }
                }
              }
            },
            "Apply_to_each_3": {
              "foreach": "@body('Parse_JSON')",
              "actions": {
                "Parse_JSON_2": {
                  "runAfter": {},
                  "metadata": {
                    "operationMetadataId": "3fc01bdf-8dd3-4564-a122-02377fbe941f"
                  },
                  "type": "ParseJson",
                  "inputs": {
                    "content": "@items('Apply_to_each_3')",
                    "schema": {
                      "type": "object",
                      "properties": {
                        "action": {
                          "type": "string"
                        },
                        "body": {
                          "type": [
                            "string",
                            "null"
                          ]
                        },
                        "entityEndpoint": {
                          "type": "string"
                        }
                      }
                    }
                  }
                },
                "Switch": {
                  "runAfter": {
                    "Parse_JSON_2": [
                      "Succeeded"
                    ]
                  },
                  "cases": {
                    "Case": {
                      "case": "Create",
                      "actions": {
                        "Condition": {
                          "actions": {
                            "Append_to_array_variable": {
                              "runAfter": {},
                              "metadata": {
                                "operationMetadataId": "c93eacb4-4e0b-4f95-94ce-b0e3569f82e8"
                              },
                              "type": "AppendToArrayVariable",
                              "inputs": {
                                "name": "Create Items",
                                "value": "@{concat('--',outputs('Create_Items_Batch_ID'),decodeUriComponent('%0D%0A'),'Content-Type: application/http',decodeUriComponent('%0D%0A'),'Content-Transfer-Encoding:binary',decodeUriComponent('%0D%0A%0D%0A'),'POST /api/data/v9.1/sensei_financialitems HTTP/1.1',decodeUriComponent('%0D%0A'),'Content-Type: application/json;type=entry',decodeUriComponent('%0D%0A%0D%0A'))}@{body('Parse_JSON_2')?['body']}"
                              }
                            }
                          },
                          "runAfter": {},
                          "else": {
                            "actions": {
                              "Append_to_array_variable_2": {
                                "runAfter": {},
                                "metadata": {
                                  "operationMetadataId": "91ab9757-8150-41b2-8e16-a2573ae0600d"
                                },
                                "type": "AppendToArrayVariable",
                                "inputs": {
                                  "name": "Create Transactions",
                                  "value": "@{concat('--',outputs('Create_Transactions_Batch_ID'),decodeUriComponent('%0D%0A'),'Content-Type: application/http',decodeUriComponent('%0D%0A'),'Content-Transfer-Encoding:binary',decodeUriComponent('%0D%0A%0D%0A'),'POST /api/data/v9.1/sensei_financialtransactions HTTP/1.1',decodeUriComponent('%0D%0A'),'Content-Type: application/json;type=entry',decodeUriComponent('%0D%0A%0D%0A'))}@{body('Parse_JSON_2')?['body']}"
                                }
                              }
                            }
                          },
                          "expression": {
                            "contains": [
                              "@body('Parse_JSON_2')?['entityEndpoint']",
                              "item"
                            ]
                          },
                          "metadata": {
                            "operationMetadataId": "535e0bbd-2a2b-4acf-86ac-281aee21fd11"
                          },
                          "type": "If"
                        }
                      }
                    },
                    "Case_2": {
                      "case": "Update",
                      "actions": {
                        "Condition_2": {
                          "actions": {
                            "Append_to_array_variable_5": {
                              "runAfter": {},
                              "metadata": {
                                "operationMetadataId": "3513ff7a-f1e4-4631-b46c-4857e2ee6140"
                              },
                              "type": "AppendToArrayVariable",
                              "inputs": {
                                "name": "Update Items",
                                "value": "@{concat('--',outputs('Update_Items_Batch_ID'),decodeUriComponent('%0D%0A'),'Content-Type: application/http',decodeUriComponent('%0D%0A'),'Content-Transfer-Encoding:binary',decodeUriComponent('%0D%0A%0D%0A'),'PATCH /api/data/v9.1/',body('Parse_JSON_2')?['entityEndpoint'],' HTTP/1.1',decodeUriComponent('%0D%0A'),'Content-Type: application/json;type=entry',decodeUriComponent('%0D%0A%0D%0A'))}@{body('Parse_JSON_2')?['body']}"
                              }
                            }
                          },
                          "runAfter": {},
                          "else": {
                            "actions": {
                              "Append_to_array_variable_6": {
                                "runAfter": {},
                                "metadata": {
                                  "operationMetadataId": "bed3fd52-0019-4e35-a4df-cfa8e4855ed1"
                                },
                                "type": "AppendToArrayVariable",
                                "inputs": {
                                  "name": "Update Transactions",
                                  "value": "@{concat('--',outputs('Update_Transactions_Batch_ID'),decodeUriComponent('%0D%0A'),'Content-Type: application/http',decodeUriComponent('%0D%0A'),'Content-Transfer-Encoding:binary',decodeUriComponent('%0D%0A%0D%0A'),'PATCH /api/data/v9.1/',body('Parse_JSON_2')?['entityEndpoint'],' HTTP/1.1',decodeUriComponent('%0D%0A'),'Content-Type: application/json;type=entry',decodeUriComponent('%0D%0A%0D%0A'))}@{body('Parse_JSON_2')?['body']}"
                                }
                              }
                            }
                          },
                          "expression": {
                            "contains": [
                              "@body('Parse_JSON_2')?['entityEndpoint']",
                              "item"
                            ]
                          },
                          "metadata": {
                            "operationMetadataId": "18383d53-95b4-406b-b9ed-fd0d6ea1c001"
                          },
                          "type": "If"
                        }
                      }
                    },
                    "Case_3": {
                      "case": "Delete",
                      "actions": {
                        "Condition_3": {
                          "actions": {
                            "Append_to_array_variable_3": {
                              "runAfter": {},
                              "metadata": {
                                "operationMetadataId": "6777a740-40b3-4b99-b067-03f920845778"
                              },
                              "type": "AppendToArrayVariable",
                              "inputs": {
                                "name": "Delete Items",
                                "value": "@concat('--',outputs('Delete_Items_Batch_ID'),decodeUriComponent('%0D%0A'),'Content-Type: application/http',decodeUriComponent('%0D%0A'),'Content-Transfer-Encoding:binary',decodeUriComponent('%0D%0A%0D%0A'),'DELETE ',body('Parse_JSON_2')?['entityEndpoint'],' HTTP/1.1',decodeUriComponent('%0D%0A%0D%0A'))"
                              }
                            }
                          },
                          "runAfter": {},
                          "else": {
                            "actions": {
                              "Append_to_array_variable_4": {
                                "runAfter": {},
                                "metadata": {
                                  "operationMetadataId": "cdce243b-3432-40d2-8081-aab3ad814ecb"
                                },
                                "type": "AppendToArrayVariable",
                                "inputs": {
                                  "name": "Delete Transactions",
                                  "value": "@concat('--',outputs('Delete_Transactions_Batch_ID'),decodeUriComponent('%0D%0A'),'Content-Type: application/http',decodeUriComponent('%0D%0A'),'Content-Transfer-Encoding:binary',decodeUriComponent('%0D%0A%0D%0A'),'DELETE ',body('Parse_JSON_2')?['entityEndpoint'],' HTTP/1.1',decodeUriComponent('%0D%0A%0D%0A'))"
                                }
                              }
                            }
                          },
                          "expression": {
                            "contains": [
                              "@body('Parse_JSON_2')?['entityEndpoint']",
                              "item"
                            ]
                          },
                          "metadata": {
                            "operationMetadataId": "b8735e48-1e3e-4bbe-85cc-362324e4dc08"
                          },
                          "type": "If"
                        }
                      }
                    }
                  },
                  "default": {
                    "actions": {}
                  },
                  "expression": "@body('Parse_JSON_2')?['action']",
                  "metadata": {
                    "operationMetadataId": "eddd176d-4954-4c50-aacc-0a41c0c3fc9e"
                  },
                  "type": "Switch"
                }
              },
              "runAfter": {
                "Parse_JSON": [
                  "Succeeded"
                ]
              },
              "metadata": {
                "operationMetadataId": "7b23b976-6647-47ca-bca7-73509ff0a9cf"
              },
              "type": "Foreach"
            }
          },
          "runAfter": {
            "Update_Transactions_Batch_ID": [
              "Succeeded"
            ]
          },
          "metadata": {
            "operationMetadataId": "e0beb72c-8ca2-4555-ab6d-7afa0d49e060"
          },
          "type": "Foreach"
        },
        "Create_Items": {
          "runAfter": {
            "Environment_URL": [
              "Succeeded"
            ]
          },
          "metadata": {
            "operationMetadataId": "51bc8a54-8a3b-4b3d-93ac-ecb03b4582f9"
          },
          "type": "InitializeVariable",
          "inputs": {
            "variables": [
              {
                "name": "Create Items",
                "type": "array"
              }
            ]
          }
        },
        "Create_Transactions": {
          "runAfter": {
            "Create_Items": [
              "Succeeded"
            ]
          },
          "metadata": {
            "operationMetadataId": "e0bc05c5-e13d-4e6e-9ac9-6f58bacee71e"
          },
          "type": "InitializeVariable",
          "inputs": {
            "variables": [
              {
                "name": "Create Transactions",
                "type": "array"
              }
            ]
          }
        },
        "Update_Items": {
          "runAfter": {
            "Create_Transactions": [
              "Succeeded"
            ]
          },
          "metadata": {
            "operationMetadataId": "dc04cce3-4b19-4a1d-8f7b-9546e0177969"
          },
          "type": "InitializeVariable",
          "inputs": {
            "variables": [
              {
                "name": "Update Items",
                "type": "array"
              }
            ]
          }
        },
        "Update_Transactions": {
          "runAfter": {
            "Update_Items": [
              "Succeeded"
            ]
          },
          "metadata": {
            "operationMetadataId": "8219d889-43e8-4a02-82ca-6e1e30bbddfc"
          },
          "type": "InitializeVariable",
          "inputs": {
            "variables": [
              {
                "name": "Update Transactions",
                "type": "array"
              }
            ]
          }
        },
        "Delete_Items": {
          "runAfter": {
            "Update_Transactions": [
              "Succeeded"
            ]
          },
          "metadata": {
            "operationMetadataId": "a88b9b20-52f4-4edc-92b4-be20f0332775"
          },
          "type": "InitializeVariable",
          "inputs": {
            "variables": [
              {
                "name": "Delete Items",
                "type": "array"
              }
            ]
          }
        },
        "Delete_Transactions": {
          "runAfter": {
            "Delete_Items": [
              "Succeeded"
            ]
          },
          "metadata": {
            "operationMetadataId": "4db3ace7-5fe0-429c-b436-ea23dc88aeca"
          },
          "type": "InitializeVariable",
          "inputs": {
            "variables": [
              {
                "name": "Delete Transactions",
                "type": "array"
              }
            ]
          }
        },
        "Execute_Create_Items": {
          "actions": {
            "Condition_6": {
              "actions": {
                "Invoke_an_HTTP_request": {
                  "runAfter": {},
                  "metadata": {
                    "operationMetadataId": "f3ba0345-a07e-47c9-ae81-2dd95c7a3129"
                  },
                  "type": "OpenApiConnection",
                  "inputs": {
                    "host": {
                      "connectionName": "shared_webcontents_1",
                      "operationId": "InvokeHttp",
                      "apiId": "/providers/Microsoft.PowerApps/apis/shared_webcontents"
                    },
                    "parameters": {
                      "request/method": "POST",
                      "request/url": "@{variables('environment URL')}/api/data/v9.1/$batch",
                      "request/headers": {
                        "Accept": "application/json",
                        "Content-Type": "multipart/mixed;boundary=@{outputs('Create_Items_Batch_ID')}"
                      },
                      "request/body": "@{outputs('Create_Items_String')}\n\n\n--@{outputs('Create_Items_Batch_ID')}--\n\n"
                    },
                    "authentication": "@parameters('$authentication')"
                  }
                }
              },
              "runAfter": {
                "Create_Items_String": [
                  "Succeeded"
                ]
              },
              "expression": {
                "not": {
                  "equals": [
                    "@outputs('Create_Items_String')",
                    ""
                  ]
                }
              },
              "metadata": {
                "operationMetadataId": "ed1e2906-456d-4393-86b6-2c4a487b9a2c"
              },
              "type": "If"
            },
            "Create_Items_String": {
              "runAfter": {},
              "metadata": {
                "operationMetadataId": "a3bb91e6-ee91-4389-898b-c5db689b0b60"
              },
              "type": "Compose",
              "inputs": "@join(variables('Create Items'),decodeUriComponent('%0D%0A%0D%0A'))"
            }
          },
          "runAfter": {
            "Execute_Delete_Items": [
              "Succeeded"
            ]
          },
          "metadata": {
            "operationMetadataId": "6611c261-2950-4b71-8db9-ecf78a2c2376"
          },
          "type": "Scope"
        },
        "Execute_Create_Transactions": {
          "actions": {
            "Condition_8": {
              "actions": {
                "Invoke_an_HTTP_request_2": {
                  "runAfter": {},
                  "metadata": {
                    "operationMetadataId": "f3ba0345-a07e-47c9-ae81-2dd95c7a3129"
                  },
                  "type": "OpenApiConnection",
                  "inputs": {
                    "host": {
                      "connectionName": "shared_webcontents_1",
                      "operationId": "InvokeHttp",
                      "apiId": "/providers/Microsoft.PowerApps/apis/shared_webcontents"
                    },
                    "parameters": {
                      "request/method": "POST",
                      "request/url": "@{variables('environment URL')}/api/data/v9.1/$batch",
                      "request/headers": {
                        "Accept": "application/json",
                        "Content-Type": "multipart/mixed;boundary=@{outputs('Create_Transactions_Batch_ID')}"
                      },
                      "request/body": "@{outputs('Create_Transactions_String')}\n\n\n--@{outputs('Create_Transactions_Batch_ID')}--\n\n"
                    },
                    "authentication": "@parameters('$authentication')"
                  }
                }
              },
              "runAfter": {
                "Create_Transactions_String": [
                  "Succeeded"
                ]
              },
              "expression": {
                "not": {
                  "equals": [
                    "@outputs('Create_Transactions_String')",
                    ""
                  ]
                }
              },
              "metadata": {
                "operationMetadataId": "9f27a6a3-3f99-40f2-853f-03a9def24b96"
              },
              "type": "If"
            },
            "Create_Transactions_String": {
              "runAfter": {},
              "metadata": {
                "operationMetadataId": "a3bb91e6-ee91-4389-898b-c5db689b0b60"
              },
              "type": "Compose",
              "inputs": "@join(variables('Create Transactions'),decodeUriComponent('%0D%0A%0D%0A'))"
            }
          },
          "runAfter": {
            "Execute_Update_Items": [
              "Succeeded"
            ]
          },
          "metadata": {
            "operationMetadataId": "6611c261-2950-4b71-8db9-ecf78a2c2376"
          },
          "type": "Scope"
        },
        "Execute_Update_Transactions": {
          "actions": {
            "Condition_9": {
              "actions": {
                "Invoke_an_HTTP_request_4": {
                  "runAfter": {},
                  "metadata": {
                    "operationMetadataId": "f3ba0345-a07e-47c9-ae81-2dd95c7a3129"
                  },
                  "type": "OpenApiConnection",
                  "inputs": {
                    "host": {
                      "connectionName": "shared_webcontents_1",
                      "operationId": "InvokeHttp",
                      "apiId": "/providers/Microsoft.PowerApps/apis/shared_webcontents"
                    },
                    "parameters": {
                      "request/method": "POST",
                      "request/url": "@{variables('environment URL')}/api/data/v9.1/$batch",
                      "request/headers": {
                        "Accept": "application/json",
                        "Content-Type": "multipart/mixed;boundary=@{outputs('Update_Transactions_Batch_ID')}"
                      },
                      "request/body": "@{outputs('Update_Transactions_String')}\n\n\n--@{outputs('Update_Transactions_Batch_ID')}--\n\n"
                    },
                    "authentication": "@parameters('$authentication')"
                  }
                }
              },
              "runAfter": {
                "Update_Transactions_String": [
                  "Succeeded"
                ]
              },
              "expression": {
                "not": {
                  "equals": [
                    "@outputs('Update_Transactions_String')",
                    ""
                  ]
                }
              },
              "metadata": {
                "operationMetadataId": "e7e32841-e8bd-4b30-909d-3b2ddeb2e589"
              },
              "type": "If"
            },
            "Update_Transactions_String": {
              "runAfter": {},
              "metadata": {
                "operationMetadataId": "a3bb91e6-ee91-4389-898b-c5db689b0b60"
              },
              "type": "Compose",
              "inputs": "@join(variables('Update Transactions'),decodeUriComponent('%0D%0A%0D%0A'))"
            }
          },
          "runAfter": {
            "Execute_Create_Transactions": [
              "Succeeded"
            ]
          },
          "metadata": {
            "operationMetadataId": "6611c261-2950-4b71-8db9-ecf78a2c2376"
          },
          "type": "Scope"
        },
        "Execute_Delete_Transactions": {
          "actions": {
            "Condition_4": {
              "actions": {
                "Invoke_an_HTTP_request_5": {
                  "runAfter": {},
                  "metadata": {
                    "operationMetadataId": "f3ba0345-a07e-47c9-ae81-2dd95c7a3129"
                  },
                  "type": "OpenApiConnection",
                  "inputs": {
                    "host": {
                      "connectionName": "shared_webcontents_1",
                      "operationId": "InvokeHttp",
                      "apiId": "/providers/Microsoft.PowerApps/apis/shared_webcontents"
                    },
                    "parameters": {
                      "request/method": "POST",
                      "request/url": "@{variables('environment URL')}/api/data/v9.1/$batch",
                      "request/headers": {
                        "Accept": "application/json",
                        "Content-Type": "multipart/mixed;boundary=@{outputs('Delete_Transactions_Batch_ID')}",
                        "Prefer": "odata.include-annotations=\"*\""
                      },
                      "request/body": "@{outputs('Delete_Transactions_String')}\n\n\n--@{outputs('Delete_Transactions_Batch_ID')}--\n\n"
                    },
                    "authentication": "@parameters('$authentication')"
                  }
                }
              },
              "runAfter": {
                "Delete_Transactions_String": [
                  "Succeeded"
                ]
              },
              "expression": {
                "not": {
                  "equals": [
                    "@outputs('Delete_Transactions_String')",
                    ""
                  ]
                }
              },
              "metadata": {
                "operationMetadataId": "a380e189-5f27-46d1-b08f-83b5d550e2de"
              },
              "type": "If"
            },
            "Delete_Transactions_String": {
              "runAfter": {},
              "metadata": {
                "operationMetadataId": "a3bb91e6-ee91-4389-898b-c5db689b0b60"
              },
              "type": "Compose",
              "inputs": "@join(variables('Delete Transactions'),decodeUriComponent('%0D%0A%0D%0A'))"
            }
          },
          "runAfter": {
            "Run_API_per_project": [
              "Succeeded",
              "Failed"
            ]
          },
          "metadata": {
            "operationMetadataId": "6611c261-2950-4b71-8db9-ecf78a2c2376"
          },
          "type": "Scope"
        },
        "Execute_Delete_Items": {
          "actions": {
            "Condition_5": {
              "actions": {
                "Invoke_an_HTTP_request_6": {
                  "runAfter": {},
                  "metadata": {
                    "operationMetadataId": "f3ba0345-a07e-47c9-ae81-2dd95c7a3129"
                  },
                  "type": "OpenApiConnection",
                  "inputs": {
                    "host": {
                      "connectionName": "shared_webcontents_1",
                      "operationId": "InvokeHttp",
                      "apiId": "/providers/Microsoft.PowerApps/apis/shared_webcontents"
                    },
                    "parameters": {
                      "request/method": "POST",
                      "request/url": "@{variables('environment URL')}/api/data/v9.1/$batch",
                      "request/headers": {
                        "Accept": "application/json",
                        "Content-Type": "multipart/mixed;boundary=@{outputs('Delete_Items_Batch_ID')}"
                      },
                      "request/body": "@{outputs('Delete_Items_String')}\n\n\n--@{outputs('Delete_Items_Batch_ID')}--\n\n"
                    },
                    "authentication": "@parameters('$authentication')"
                  }
                }
              },
              "runAfter": {
                "Delete_Items_String": [
                  "Succeeded"
                ]
              },
              "expression": {
                "not": {
                  "equals": [
                    "@outputs('Delete_Items_String')",
                    ""
                  ]
                }
              },
              "metadata": {
                "operationMetadataId": "b5798854-7d32-4c3c-af4d-31a4626bdf49"
              },
              "type": "If"
            },
            "Delete_Items_String": {
              "runAfter": {},
              "metadata": {
                "operationMetadataId": "a3bb91e6-ee91-4389-898b-c5db689b0b60"
              },
              "type": "Compose",
              "inputs": "@join(variables('Delete Items'),decodeUriComponent('%0D%0A%0D%0A'))"
            }
          },
          "runAfter": {
            "Execute_Delete_Transactions": [
              "Succeeded"
            ]
          },
          "metadata": {
            "operationMetadataId": "6611c261-2950-4b71-8db9-ecf78a2c2376"
          },
          "type": "Scope"
        },
        "Execute_Update_Items": {
          "actions": {
            "Condition_7": {
              "actions": {
                "Invoke_an_HTTP_request_3": {
                  "runAfter": {},
                  "metadata": {
                    "operationMetadataId": "f3ba0345-a07e-47c9-ae81-2dd95c7a3129"
                  },
                  "type": "OpenApiConnection",
                  "inputs": {
                    "host": {
                      "connectionName": "shared_webcontents_1",
                      "operationId": "InvokeHttp",
                      "apiId": "/providers/Microsoft.PowerApps/apis/shared_webcontents"
                    },
                    "parameters": {
                      "request/method": "POST",
                      "request/url": "@{variables('environment URL')}/api/data/v9.1/$batch",
                      "request/headers": {
                        "Accept": "application/json",
                        "Content-Type": "multipart/mixed;boundary=@{outputs('Update_Items_Batch_ID')}"
                      },
                      "request/body": "@{outputs('Update_Items_String')}\n\n\n--@{outputs('Update_Items_Batch_ID')}--\n\n"
                    },
                    "authentication": "@parameters('$authentication')"
                  }
                }
              },
              "runAfter": {
                "Update_Items_String": [
                  "Succeeded"
                ]
              },
              "expression": {
                "not": {
                  "equals": [
                    "@outputs('Update_Items_String')",
                    ""
                  ]
                }
              },
              "metadata": {
                "operationMetadataId": "a8f29bc6-ae7d-4aac-8193-521c62bf2a12"
              },
              "type": "If"
            },
            "Update_Items_String": {
              "runAfter": {},
              "metadata": {
                "operationMetadataId": "a3bb91e6-ee91-4389-898b-c5db689b0b60"
              },
              "type": "Compose",
              "inputs": "@join(variables('Update Items'),decodeUriComponent('%0D%0A%0D%0A'))"
            }
          },
          "runAfter": {
            "Execute_Create_Items": [
              "Succeeded"
            ]
          },
          "metadata": {
            "operationMetadataId": "6611c261-2950-4b71-8db9-ecf78a2c2376"
          },
          "type": "Scope"
        },
        "Delete_Transactions_Batch_ID": {
          "runAfter": {
            "Delete_Transactions": [
              "Succeeded"
            ]
          },
          "metadata": {
            "operationMetadataId": "e81fddcd-72fe-4302-b199-28289e62bbb2"
          },
          "type": "Compose",
          "inputs": "batch_@{guid()}"
        },
        "Delete_Items_Batch_ID": {
          "runAfter": {
            "Delete_Transactions_Batch_ID": [
              "Succeeded"
            ]
          },
          "metadata": {
            "operationMetadataId": "e81fddcd-72fe-4302-b199-28289e62bbb2"
          },
          "type": "Compose",
          "inputs": "batch_@{guid()}"
        },
        "Create_Items_Batch_ID": {
          "runAfter": {
            "Delete_Items_Batch_ID": [
              "Succeeded"
            ]
          },
          "metadata": {
            "operationMetadataId": "e81fddcd-72fe-4302-b199-28289e62bbb2"
          },
          "type": "Compose",
          "inputs": "batch_@{guid()}"
        },
        "Update_Items_Batch_ID": {
          "runAfter": {
            "Create_Items_Batch_ID": [
              "Succeeded"
            ]
          },
          "metadata": {
            "operationMetadataId": "e81fddcd-72fe-4302-b199-28289e62bbb2"
          },
          "type": "Compose",
          "inputs": "batch_@{guid()}"
        },
        "Create_Transactions_Batch_ID": {
          "runAfter": {
            "Update_Items_Batch_ID": [
              "Succeeded"
            ]
          },
          "metadata": {
            "operationMetadataId": "e81fddcd-72fe-4302-b199-28289e62bbb2"
          },
          "type": "Compose",
          "inputs": "batch_@{guid()}"
        },
        "Update_Transactions_Batch_ID": {
          "runAfter": {
            "Create_Transactions_Batch_ID": [
              "Succeeded"
            ]
          },
          "metadata": {
            "operationMetadataId": "e81fddcd-72fe-4302-b199-28289e62bbb2"
          },
          "type": "Compose",
          "inputs": "batch_@{guid()}"
        },
        "Environment_URL": {
          "runAfter": {
            "List_rows": [
              "Succeeded"
            ]
          },
          "metadata": {
            "operationMetadataId": "1bbaa90d-9c88-4650-85e1-e12b42916d2f"
          },
          "type": "InitializeVariable",
          "inputs": {
            "variables": [
              {
                "name": "environment URL",
                "type": "string",
                "value": "https://orgcd051478.crm.dynamics.com"
              }
            ]
          }
        }
      }
    },
    "templateName": ""
  },
  "schemaVersion": "1.0.0.0"
}