{"name":"Fact_Audit_Transactions","description":"","version":"1.0","culture":"en-GB","modifiedTime":"2023-08-03T05:10:02.6683163+00:00","ppdf:outputFileFormat":"csv","pbi:mashup":{"fastCombine":true,"allowNativeQueries":false,"skipAutomaticHeaderAndTypeDetection":false,"queriesMetadata":{"Fact_Audit_Transactions":{"queryId":"7b0a7536-7579-403d-99a8-0c338b9952ad","queryName":"Fact_Audit_Transactions","queryGroupId":"a9472e61-2650-4f71-9409-b854fa563878","loadEnabled":true},"sensei_risk":{"queryId":"d5c32b9a-6b5a-4655-8601-f65b1f7ce02f","queryName":"sensei_risk","queryGroupId":"31be7f08-aa3b-488e-9db7-c1f3828de8e5"},"blank project":{"queryId":"5f2b92d5-28f5-4fd5-aa4f-704bad32f3b6","queryName":"blank project","queryGroupId":"4d6711fb-4fad-404e-98e4-8df66fd6111a"},"sensei_issue":{"queryId":"29972aa3-11d6-4bd4-ac82-fc9c98a43933","queryName":"sensei_issue","queryGroupId":"31be7f08-aa3b-488e-9db7-c1f3828de8e5"},"Dataverse":{"queryId":"86e4020e-1073-433c-b964-5f255082a646","queryName":"Dataverse","queryGroupId":"468b60a8-d845-45b8-85f4-8417f0a7e76f"}},"document":"section Section1;\r\nshared Fact_Audit_Transactions = let\n  Source = OData.Feed(\"https://\"&Dataverse&\"/api/data/v9.2/audits\", null, [Implementation = \"2.0\"]),\n  #\"Filtered rows\" = Table.SelectRows(Source, each [objecttypecode] = \"sensei_project\" or [objecttypecode] = \"sensei_risk\" or [objecttypecode] = \"sensei_issue\"),\n  #\"Duplicated Change Column\" = Table.DuplicateColumn(#\"Filtered rows\", \"changedata\", \"changedata - Copy\"),\n  #\"Removed brackets\" = Table.ReplaceValue(#\"Duplicated Change Column\", \"{\", \"\", Replacer.ReplaceText, {\"changedata - Copy\"}),\n  #\"Removed brackets 2\" = Table.ReplaceValue(#\"Removed brackets\", \"[\", \"\", Replacer.ReplaceText, {\"changedata - Copy\"}),\n  #\"Removed brackets 3\" = Table.ReplaceValue(#\"Removed brackets 2\", \"}\", \"\", Replacer.ReplaceText, {\"changedata - Copy\"}),\n  #\"Removed brackets 4\" = Table.ReplaceValue(#\"Removed brackets 3\", \"]\", \"\", Replacer.ReplaceText, {\"changedata - Copy\"}),\n  #\"Split Change Column by Delimiter\" = Table.SplitColumn(#\"Removed brackets 4\", \"changedata - Copy\", Splitter.SplitTextByDelimiter(\",\", QuoteStyle.Csv), {\"changedata - Copy.1\", \"changedata - Copy.2\", \"changedata - Copy.3\"}),\n  #\"Changed Type\" = Table.TransformColumnTypes(#\"Split Change Column by Delimiter\", {{\"changedata - Copy.1\", type text}, {\"changedata - Copy.2\", type text}, {\"changedata - Copy.3\", type text}}),\n  #\"Renamed Change Columns\" = Table.RenameColumns(#\"Changed Type\", {{\"changedata - Copy.1\", \"Change\"}, {\"changedata - Copy.2\", \"OldValue\"}, {\"changedata - Copy.3\", \"NewValue\"}}),\n  OldValueCleanup = Table.ReplaceValue(#\"Renamed Change Columns\", \"oldValue:\", \"\", Replacer.ReplaceText, {\"OldValue\"}),\n  NewValueCleanup = Table.ReplaceValue(OldValueCleanup, \"newValue:\", \"\", Replacer.ReplaceText, {\"NewValue\"}),\n  #\"Split Column by Delimiter\" = Table.SplitColumn(NewValueCleanup, \"Change\", Splitter.SplitTextByEachDelimiter({\":\"}, QuoteStyle.Csv, true), {\"Change.1\", \"Change.2\"}),\n  #\"Renamed Columns\" = Table.RenameColumns(#\"Split Column by Delimiter\", {{\"Change.2\", \"Field\"}}),\n  #\"Reordered columns\" = Table.ReorderColumns(#\"Renamed Columns\", {\"auditid\", \"attributemask\", \"versionnumber\", \"_userid_value\", \"changedata\", \"_callinguserid_value\", \"createdon\", \"action\", \"objecttypecode\", \"useradditionalinfo\", \"_regardingobjectid_value\", \"operation\", \"transactionid\", \"_objectid_value\", \"callinguserid\", \"userid\", \"RetrieveAuditDetails\", \"Change.1\", \"Field\", \"OldValue\", \"NewValue\"}),\n  #\"Changed column type\" = Table.TransformColumnTypes(#\"Reordered columns\", {{\"Change.1\", type text}, {\"Field\", type text}}),\n  #\"Calculated date\" = Table.TransformColumns(#\"Changed column type\", {{\"createdon\", each DateTime.Date(_), type nullable date}}),\n  AddedCustom = Table.AddColumn(#\"Calculated date\", \"DecimalFix\", each let \n            value = try Number.FromText([OldValue]) otherwise null\n        in \n            if value = null then [OldValue] else \n            if Number.Round(value) = value then    Text.From(Number.Round(value, 0), \"en-US\") else [OldValue]),\n  #\"Filtered rows 1\" = Table.SelectRows(AddedCustom, each [Field] <> \"importsequencenumber\" and [Field] <> \"sensei_formupdatedtoken\" and [Field] <> \"sensei_includeinprogramreport\" and [Field] <> \"sensei_lastsyncdate\" and [Field] <> \"sensei_stage1_question1\"),\n  #\"Uppercased text\" = Table.TransformColumns(#\"Filtered rows 1\", {{\"_objectid_value\", each Text.Upper(_), type nullable text}}),\n  #\"Risk - Project/Program/Portoflio name\" = Table.NestedJoin(#\"Uppercased text\", {\"_objectid_value\"}, sensei_risk, {\"sensei_riskid\"}, \"sensei_risk\", JoinKind.LeftOuter),\n  #\"Expanded sensei_risk\" = Table.ExpandTableColumn(#\"Risk - Project/Program/Portoflio name\", \"sensei_risk\", {\"sensei_portfolio_sensei_project_sensei_project\"}, {\"sensei_portfolio_sensei_project_sensei_project\"}),\n  #\"Issue - Project/Program name\" = Table.NestedJoin(#\"Expanded sensei_risk\", {\"_objectid_value\"}, sensei_issue, {\"sensei_issueid\"}, \"sensei_issue\", JoinKind.LeftOuter),\n  #\"Expanded sensei_issue\" = Table.ExpandTableColumn(#\"Issue - Project/Program name\", \"sensei_issue\", {\"sensei_program_sensei_project_sensei_project_Issue\"}, {\"sensei_program_sensei_project_sensei_project_Issue\"}),\n  #\"Reordered columns 1\" = Table.ReorderColumns(#\"Expanded sensei_issue\", {\"auditid\", \"transactionid\", \"createdon\", \"_objectid_value\", \"objecttypecode\", \"Field\", \"action\", \"OldValue\", \"DecimalFix\", \"NewValue\", \"_userid_value\", \"attributemask\", \"versionnumber\", \"changedata\", \"_callinguserid_value\", \"useradditionalinfo\", \"_regardingobjectid_value\", \"operation\", \"callinguserid\", \"userid\", \"RetrieveAuditDetails\", \"Change.1\"}),\n  #\"Removed columns 1\" = Table.RemoveColumns(#\"Reordered columns 1\", {\"OldValue\"}),\n  #\"Renamed columns 1\" = Table.RenameColumns(#\"Removed columns 1\", {{\"DecimalFix\", \"OldValue\"}}),\n  #\"Removed columns\" = Table.RemoveColumns(#\"Renamed columns 1\", {\"attributemask\", \"versionnumber\", \"changedata\", \"_callinguserid_value\", \"useradditionalinfo\", \"_regardingobjectid_value\", \"operation\", \"callinguserid\", \"userid\", \"RetrieveAuditDetails\", \"Change.1\"}),\n  #\"Appended query\" = Table.Combine({#\"Removed columns\", #\"blank project\"}),\n  #\"Changed column type 1\" = Table.TransformColumnTypes(#\"Appended query\", {{\"auditid\", type text}, {\"transactionid\", type text}, {\"_userid_value\", type text}}),\n  #\"Marked key columns\" = Table.AddKey(#\"Changed column type 1\", {\"auditid\"}, false),\n  #\"Transform columns\" = Table.TransformColumnTypes(#\"Marked key columns\", {{\"OldValue\", type text}, {\"sensei_portfolio_sensei_project_sensei_project\", type text}}),\n  #\"Replace errors\" = Table.ReplaceErrorValues(#\"Transform columns\", {{\"OldValue\", null}, {\"sensei_portfolio_sensei_project_sensei_project\", null}}),\n  #\"Transform columns 1\" = Table.TransformColumnTypes(#\"Replace errors\", {{\"sensei_program_sensei_project_sensei_project_Issue\", type text}}),\n  #\"Replace errors 1\" = Table.ReplaceErrorValues(#\"Transform columns 1\", {{\"sensei_program_sensei_project_sensei_project_Issue\", null}})\nin\n  #\"Replace errors 1\";\r\nshared sensei_risk = let\n  Source = CommonDataService.Database(Dataverse, [CreateNavigationProperties = null]),\n  Navigation = Source{[Schema = \"dbo\", Item = \"sensei_risk\"]}[Data],\n  #\"Choose columns\" = Table.SelectColumns(Navigation, {\"sensei_riskid\", \"sensei_portfolio\", \"sensei_program\", \"sensei_project\", \"sensei_projectname\"}),\n  #\"Added custom\" = Table.AddColumn(#\"Choose columns\", \"sensei_portfolio_sensei_project_sensei_project\", each if [sensei_portfolio] <> null then [sensei_portfolio] else if [sensei_program] <> null then [sensei_program] else [sensei_project]),\n  #\"Removed columns\" = Table.RemoveColumns(#\"Added custom\", {\"sensei_portfolio\", \"sensei_program\", \"sensei_project\"}),\n  #\"Filtered rows\" = Table.SelectRows(#\"Removed columns\", each ([sensei_portfolio_sensei_project_sensei_project] <> null))\nin\n  #\"Filtered rows\";\r\nshared #\"blank project\" = let\r\n  Source = Table.FromRows(Json.Document(Binary.Decompress(Binary.FromText(\"i45WMoACXSwEDCjpKAGRob6Bob6RgZEhkE2kruLUvOLUzPiCovys1OQSqDFA7FKam1upEAARVkjLL1JwLE3JLFEISi3ILyohRgEIxcYCAA==\", BinaryEncoding.Base64), Compression.Deflate)), let _t = ((type nullable text) meta [Serialized.Text = true]) in type table [auditid = _t, transactionid = _t, createdon = _t, _objectid_value = _t, objecttypecode = _t, Field = _t, action = _t, OldValue = _t, NewValue = _t, _userid_value = _t, sensei_portfolio_sensei_project_sensei_project = _t]),\r\n  #\"Marked key columns\" = Table.AddKey(Source, {\"auditid\"}, false),\r\n  #\"Changed column type\" = Table.TransformColumnTypes(#\"Marked key columns\", {{\"action\", Int64.Type}, {\"createdon\", type date}})\r\nin\r\n  #\"Changed column type\";\r\nshared sensei_issue = let\n  Source = CommonDataService.Database(Dataverse, [CreateNavigationProperties = null]),\n  Navigation = Source{[Schema = \"dbo\", Item = \"sensei_issue\"]}[Data],\n  #\"Choose columns\" = Table.SelectColumns(Navigation, {\"sensei_issueid\", \"sensei_program\", \"sensei_project\", \"sensei_portfolioname\", \"sensei_programname\", \"sensei_projectname\"}),\n  #\"Inserted conditional column\" = Table.AddColumn(#\"Choose columns\", \"sensei_portfolio_sensei_project_sensei_project\", each if [sensei_program] <> null then [sensei_program] else [sensei_project]),\n  #\"Inserted conditional column 1\" = Table.AddColumn(#\"Inserted conditional column\", \"project_portfolio_program_name\", each if [sensei_portfolioname] <> null then [sensei_portfolioname] else if [sensei_programname] <> null then [sensei_programname] else [sensei_projectname]),\n  #\"Removed columns\" = Table.RemoveColumns(#\"Inserted conditional column 1\", {\"sensei_program\", \"sensei_project\", \"sensei_portfolioname\", \"sensei_programname\", \"sensei_projectname\"}),\n  #\"Filtered rows\" = Table.SelectRows(#\"Removed columns\", each [sensei_portfolio_sensei_project_sensei_project] <> null),\n  #\"Renamed columns\" = Table.RenameColumns(#\"Filtered rows\", {{\"project_portfolio_program_name\", \"sensei_projectname\"}, {\"sensei_portfolio_sensei_project_sensei_project\", \"sensei_program_sensei_project_sensei_project_Issue\"}}),\n  #\"Removed columns 1\" = Table.RemoveColumns(#\"Renamed columns\", {\"sensei_projectname\"})\nin\n  #\"Removed columns 1\";\r\nshared Dataverse = \"senseiuat3.crm6.dynamics.com\" meta [IsParameterQuery = true, IsParameterQueryRequired = true, Type = type text];\r\n","connectionOverrides":[{"path":"https://senseiuat3.crm6.dynamics.com/api/data/v9.2/audits","kind":"OData","provider":"CdsA","authenticationKind":null,"environmentName":null,"apiName":null,"connectionName":"{\"kind\":\"OData\",\"path\":\"https://senseiuat3.crm6.dynamics.com/api/data/v9.2/audits\"}","audience":null},{"path":"http://senseiuat3.crm6.dynamics.com/","kind":"OData","provider":"CdsA","authenticationKind":null,"environmentName":null,"apiName":null,"connectionName":"{\"kind\":\"OData\",\"path\":\"http://senseiuat3.crm6.dynamics.com/\"}","audience":null},{"path":"senseiuat3.crm6.dynamics.com","kind":"CommonDataService","provider":"CdsA","authenticationKind":null,"environmentName":null,"apiName":null,"connectionName":"{\"kind\":\"CommonDataService\",\"path\":\"senseiuat3.crm6.dynamics.com\"}","audience":null}]},"annotations":[{"name":"pbi:QueryGroups","value":"[{\"id\":\"31be7f08-aa3b-488e-9db7-c1f3828de8e5\",\"name\":\"Audit Entites\",\"description\":\"\",\"parentId\":null,\"order\":1},{\"id\":\"4d6711fb-4fad-404e-98e4-8df66fd6111a\",\"name\":\"Blank Project\",\"description\":\"\",\"parentId\":null,\"order\":2},{\"id\":\"a9472e61-2650-4f71-9409-b854fa563878\",\"name\":\"Final Table\",\"description\":\"\",\"parentId\":null,\"order\":3},{\"id\":\"468b60a8-d845-45b8-85f4-8417f0a7e76f\",\"name\":\"Parameter\",\"description\":\"\",\"parentId\":null,\"order\":0}]"}],"entities":[{"$type":"LocalEntity","name":"Fact_Audit_Transactions","description":"","pbi:refreshPolicy":{"$type":"FullRefreshPolicy","location":"Fact_Audit_Transactions.csv"},"attributes":[{"name":"auditid","dataType":"string"},{"name":"transactionid","dataType":"string"},{"name":"createdon","dataType":"date"},{"name":"_objectid_value","dataType":"string"},{"name":"objecttypecode","dataType":"string"},{"name":"Field","dataType":"string"},{"name":"action","dataType":"double"},{"name":"OldValue","dataType":"string"},{"name":"NewValue","dataType":"string"},{"name":"_userid_value","dataType":"string"},{"name":"sensei_portfolio_sensei_project_sensei_project","dataType":"string"},{"name":"sensei_program_sensei_project_sensei_project_Issue","dataType":"string"}],"partitions":[{"name":"Part001","refreshTime":"2023-08-03T22:32:42.8883898+00:00","location":"https://wabiausebpcdsap1.blob.core.windows.net:443/1a308790-94d9-426a-afc3-bb0620e255e6/Fact_Audit_Transactions.csv?snapshot=2023-08-03T22%3A32%3A42.8824817Z"}]}]}