{
  "properties": {
    "connectionReferences": {
      "shared_commondataserviceforapps": {
        "runtimeSource": "embedded",
        "connection": {
          "connectionReferenceLogicalName": "new_sharedcommondataserviceforapps_9597b"
        },
        "api": {
          "name": "shared_commondataserviceforapps"
        }
      },
      "shared_webcontents_1": {
        "runtimeSource": "embedded",
        "connection": {
          "connectionReferenceLogicalName": "new_sharedwebcontents_2ee1b"
        },
        "api": {
          "name": "shared_webcontents"
        }
      }
    },
    "definition": {
      "$schema": "https://schema.management.azure.com/providers/Microsoft.Logic/schemas/2016-06-01/workflowdefinition.json#",
      "contentVersion": "undefined",
      "parameters": {
        "$connections": {
          "defaultValue": {},
          "type": "Object"
        },
        "$authentication": {
          "defaultValue": {},
          "type": "SecureObject"
        }
      },
      "triggers": {
        "Recurrence": {
          "recurrence": {
            "frequency": "Day",
            "interval": 1,
            "schedule": {
              "hours": [
                "0"
              ]
            }
          },
          "metadata": {
            "operationMetadataId": "572e6d8f-bee3-458b-a68f-bd05fcfdc787"
          },
          "type": "Recurrence"
        }
      },
      "actions": {
        "List_rows": {
          "runAfter": {},
          "metadata": {
            "operationMetadataId": "eaf6553e-5b6a-4b04-9368-0dd1280ac434"
          },
          "type": "OpenApiConnection",
          "inputs": {
            "host": {
              "connectionName": "shared_commondataserviceforapps",
              "operationId": "ListRecords",
              "apiId": "/providers/Microsoft.PowerApps/apis/shared_commondataserviceforapps"
            },
            "parameters": {
              "entityName": "sensei_projects",
              "$select": "sensei_projectid"
            },
            "authentication": "@parameters('$authentication')"
          }
        },
        "Run_API_per_project": {
          "foreach": "@outputs('List_rows')?['body/value']",
          "actions": {
            "Perform_an_unbound_action": {
              "runAfter": {},
              "metadata": {
                "operationMetadataId": "ab3bd780-a35b-4ea6-9355-e0f36f053178"
              },
              "type": "OpenApiConnection",
              "inputs": {
                "host": {
                  "connectionName": "shared_commondataserviceforapps",
                  "operationId": "PerformUnboundAction",
                  "apiId": "/providers/Microsoft.PowerApps/apis/shared_commondataserviceforapps"
                },
                "parameters": {
                  "actionName": "sensei_timesheettofinancesync",
                  "item/parententity": "sensei_project",
                  "item/parentid": "@items('Run_API_per_project')?['sensei_projectid']"
                },
                "authentication": "@parameters('$authentication')"
              }
            },
            "Parse_JSON": {
              "runAfter": {
                "Perform_an_unbound_action": [
                  "Succeeded"
                ]
              },
              "metadata": {
                "operationMetadataId": "3af8f7ff-008c-4ad2-8c33-d68e62123411"
              },
              "type": "ParseJson",
              "inputs": {
                "content": "@outputs('Perform_an_unbound_action')?['body/data']",
                "schema": {
                  "type": "array",
                  "items": {
                    "type": "object",
                    "properties": {
                      "action": {
                        "type": "string"
                      },
                      "body": {
                        "type": [
                          "string",
                          "null"
                        ]
                      },
                      "entityEndpoint": {
                        "type": "string"
                      }
                    },
                    "required": [
                      "action",
                      "body",
                      "entityEndpoint"
                    ]
                  }
                }
              }
            },
            "Apply_to_each_response_item": {
              "foreach": "@body('Parse_JSON')",
              "actions": {
                "Parse_JSON_2": {
                  "runAfter": {},
                  "metadata": {
                    "operationMetadataId": "3fc01bdf-8dd3-4564-a122-02377fbe941f"
                  },
                  "type": "ParseJson",
                  "inputs": {
                    "content": "@items('Apply_to_each_response_item')",
                    "schema": {
                      "type": "object",
                      "properties": {
                        "action": {
                          "type": "string"
                        },
                        "body": {
                          "type": [
                            "string",
                            "null"
                          ]
                        },
                        "entityEndpoint": {
                          "type": "string"
                        }
                      }
                    }
                  }
                },
                "Switch": {
                  "runAfter": {
                    "Parse_JSON_2": [
                      "Succeeded"
                    ]
                  },
                  "cases": {
                    "Case_Create": {
                      "case": "Create",
                      "actions": {
                        "Condition_Create_Item": {
                          "actions": {
                            "Append_to_Create_Items_array": {
                              "runAfter": {},
                              "metadata": {
                                "operationMetadataId": "c93eacb4-4e0b-4f95-94ce-b0e3569f82e8"
                              },
                              "type": "AppendToArrayVariable",
                              "inputs": {
                                "name": "Create Items",
                                "value": "@{concat('Content-Type: application/http',decodeUriComponent('%0D%0A'),'Content-Transfer-Encoding:binary',decodeUriComponent('%0D%0A%0D%0A'),'POST /api/data/v9.1/sensei_financialitems HTTP/1.1',decodeUriComponent('%0D%0A'),'Content-Type: application/json;type=entry',decodeUriComponent('%0D%0A%0D%0A'))}@{body('Parse_JSON_2')?['body']}"
                              }
                            }
                          },
                          "runAfter": {},
                          "else": {
                            "actions": {
                              "Append_to_Create_Transactions_array": {
                                "runAfter": {},
                                "metadata": {
                                  "operationMetadataId": "91ab9757-8150-41b2-8e16-a2573ae0600d"
                                },
                                "type": "AppendToArrayVariable",
                                "inputs": {
                                  "name": "Create Transactions",
                                  "value": "@{concat('Content-Type: application/http',decodeUriComponent('%0D%0A'),'Content-Transfer-Encoding:binary',decodeUriComponent('%0D%0A%0D%0A'),'POST /api/data/v9.1/sensei_financialtransactions HTTP/1.1',decodeUriComponent('%0D%0A'),'Content-Type: application/json;type=entry',decodeUriComponent('%0D%0A%0D%0A'))}@{body('Parse_JSON_2')?['body']}"
                                }
                              }
                            }
                          },
                          "expression": {
                            "contains": [
                              "@body('Parse_JSON_2')?['entityEndpoint']",
                              "item"
                            ]
                          },
                          "metadata": {
                            "operationMetadataId": "535e0bbd-2a2b-4acf-86ac-281aee21fd11"
                          },
                          "type": "If"
                        }
                      }
                    },
                    "Case_Update": {
                      "case": "Update",
                      "actions": {
                        "Condition_Update_Item": {
                          "actions": {
                            "Append_to_Update_Items_array": {
                              "runAfter": {},
                              "metadata": {
                                "operationMetadataId": "3513ff7a-f1e4-4631-b46c-4857e2ee6140"
                              },
                              "type": "AppendToArrayVariable",
                              "inputs": {
                                "name": "Update Items",
                                "value": "@{concat('Content-Type: application/http',decodeUriComponent('%0D%0A'),'Content-Transfer-Encoding:binary',decodeUriComponent('%0D%0A%0D%0A'),'PATCH /api/data/v9.1/',body('Parse_JSON_2')?['entityEndpoint'],' HTTP/1.1',decodeUriComponent('%0D%0A'),'Content-Type: application/json;type=entry',decodeUriComponent('%0D%0A%0D%0A'))}@{body('Parse_JSON_2')?['body']}"
                              }
                            }
                          },
                          "runAfter": {},
                          "else": {
                            "actions": {
                              "Append_to_Update_Transactions_array": {
                                "runAfter": {},
                                "metadata": {
                                  "operationMetadataId": "bed3fd52-0019-4e35-a4df-cfa8e4855ed1"
                                },
                                "type": "AppendToArrayVariable",
                                "inputs": {
                                  "name": "Update Transactions",
                                  "value": "@{concat('Content-Type: application/http',decodeUriComponent('%0D%0A'),'Content-Transfer-Encoding:binary',decodeUriComponent('%0D%0A%0D%0A'),'PATCH /api/data/v9.1/',body('Parse_JSON_2')?['entityEndpoint'],' HTTP/1.1',decodeUriComponent('%0D%0A'),'Content-Type: application/json;type=entry',decodeUriComponent('%0D%0A%0D%0A'))}@{body('Parse_JSON_2')?['body']}"
                                }
                              }
                            }
                          },
                          "expression": {
                            "contains": [
                              "@body('Parse_JSON_2')?['entityEndpoint']",
                              "item"
                            ]
                          },
                          "metadata": {
                            "operationMetadataId": "18383d53-95b4-406b-b9ed-fd0d6ea1c001"
                          },
                          "type": "If"
                        }
                      }
                    },
                    "Case_Delete": {
                      "case": "Delete",
                      "actions": {
                        "Condition_Delete_Item": {
                          "actions": {
                            "Append_to_Delete_Items_array": {
                              "runAfter": {},
                              "metadata": {
                                "operationMetadataId": "6777a740-40b3-4b99-b067-03f920845778"
                              },
                              "type": "AppendToArrayVariable",
                              "inputs": {
                                "name": "Delete Items",
                                "value": "@concat('Content-Type: application/http',decodeUriComponent('%0D%0A'),'Content-Transfer-Encoding:binary',decodeUriComponent('%0D%0A%0D%0A'),'DELETE ',body('Parse_JSON_2')?['entityEndpoint'],' HTTP/1.1',decodeUriComponent('%0D%0A%0D%0A'))"
                              }
                            }
                          },
                          "runAfter": {},
                          "else": {
                            "actions": {
                              "Append_to_Delete_Transactions_array": {
                                "runAfter": {},
                                "metadata": {
                                  "operationMetadataId": "cdce243b-3432-40d2-8081-aab3ad814ecb"
                                },
                                "type": "AppendToArrayVariable",
                                "inputs": {
                                  "name": "Delete Transactions",
                                  "value": "@concat('Content-Type: application/http',decodeUriComponent('%0D%0A'),'Content-Transfer-Encoding:binary',decodeUriComponent('%0D%0A%0D%0A'),'DELETE ',body('Parse_JSON_2')?['entityEndpoint'],' HTTP/1.1',decodeUriComponent('%0D%0A%0D%0A'))"
                                }
                              }
                            }
                          },
                          "expression": {
                            "contains": [
                              "@body('Parse_JSON_2')?['entityEndpoint']",
                              "item"
                            ]
                          },
                          "metadata": {
                            "operationMetadataId": "b8735e48-1e3e-4bbe-85cc-362324e4dc08"
                          },
                          "type": "If"
                        }
                      }
                    }
                  },
                  "default": {
                    "actions": {}
                  },
                  "expression": "@body('Parse_JSON_2')?['action']",
                  "metadata": {
                    "operationMetadataId": "eddd176d-4954-4c50-aacc-0a41c0c3fc9e"
                  },
                  "type": "Switch"
                }
              },
              "runAfter": {
                "Parse_JSON": [
                  "Succeeded"
                ]
              },
              "metadata": {
                "operationMetadataId": "7b23b976-6647-47ca-bca7-73509ff0a9cf"
              },
              "type": "Foreach"
            }
          },
          "runAfter": {
            "Delete_Transactions": [
              "Succeeded"
            ]
          },
          "metadata": {
            "operationMetadataId": "e0beb72c-8ca2-4555-ab6d-7afa0d49e060"
          },
          "type": "Foreach"
        },
        "Create_Items": {
          "runAfter": {
            "BatchID": [
              "Succeeded"
            ]
          },
          "metadata": {
            "operationMetadataId": "51bc8a54-8a3b-4b3d-93ac-ecb03b4582f9"
          },
          "type": "InitializeVariable",
          "inputs": {
            "variables": [
              {
                "name": "Create Items",
                "type": "array"
              }
            ]
          }
        },
        "Create_Transactions": {
          "runAfter": {
            "Create_Items": [
              "Succeeded"
            ]
          },
          "metadata": {
            "operationMetadataId": "e0bc05c5-e13d-4e6e-9ac9-6f58bacee71e"
          },
          "type": "InitializeVariable",
          "inputs": {
            "variables": [
              {
                "name": "Create Transactions",
                "type": "array"
              }
            ]
          }
        },
        "Update_Items": {
          "runAfter": {
            "Create_Transactions": [
              "Succeeded"
            ]
          },
          "metadata": {
            "operationMetadataId": "dc04cce3-4b19-4a1d-8f7b-9546e0177969"
          },
          "type": "InitializeVariable",
          "inputs": {
            "variables": [
              {
                "name": "Update Items",
                "type": "array"
              }
            ]
          }
        },
        "Update_Transactions": {
          "runAfter": {
            "Update_Items": [
              "Succeeded"
            ]
          },
          "metadata": {
            "operationMetadataId": "8219d889-43e8-4a02-82ca-6e1e30bbddfc"
          },
          "type": "InitializeVariable",
          "inputs": {
            "variables": [
              {
                "name": "Update Transactions",
                "type": "array"
              }
            ]
          }
        },
        "Delete_Items": {
          "runAfter": {
            "Update_Transactions": [
              "Succeeded"
            ]
          },
          "metadata": {
            "operationMetadataId": "a88b9b20-52f4-4edc-92b4-be20f0332775"
          },
          "type": "InitializeVariable",
          "inputs": {
            "variables": [
              {
                "name": "Delete Items",
                "type": "array"
              }
            ]
          }
        },
        "Delete_Transactions": {
          "runAfter": {
            "Delete_Items": [
              "Succeeded"
            ]
          },
          "metadata": {
            "operationMetadataId": "4db3ace7-5fe0-429c-b436-ea23dc88aeca"
          },
          "type": "InitializeVariable",
          "inputs": {
            "variables": [
              {
                "name": "Delete Transactions",
                "type": "array"
              }
            ]
          }
        },
        "Execute_Create_Items": {
          "actions": {
            "Set_RemainingItemsToProcess_for_Create_Items": {
              "runAfter": {},
              "metadata": {
                "operationMetadataId": "b427069e-d430-434d-90e5-dc39f478fc5a"
              },
              "type": "SetVariable",
              "inputs": {
                "name": "RemainingItemsToProcess",
                "value": "@length(variables('Create Items'))"
              }
            },
            "Reset_ProcessedCount_for_Create_Items": {
              "runAfter": {
                "Set_RemainingItemsToProcess_for_Create_Items": [
                  "Succeeded"
                ]
              },
              "metadata": {
                "operationMetadataId": "fd281e15-0322-4bbc-b369-cbbe4b889385"
              },
              "type": "SetVariable",
              "inputs": {
                "name": "ProcessedCount",
                "value": 0
              }
            },
            "Do_until_no_more_Create_Items_to_process": {
              "actions": {
                "Create_Items_String": {
                  "runAfter": {
                    "Decrement_RemainingItemsToProcess_for_Create_Items": [
                      "Succeeded"
                    ]
                  },
                  "metadata": {
                    "operationMetadataId": "a3bb91e6-ee91-4389-898b-c5db689b0b60"
                  },
                  "type": "Compose",
                  "inputs": "@concat('--',variables('BatchID'),decodeUriComponent('%0D%0A'),join(variables('ThisBatch'),concat(decodeUriComponent('%0D%0A%0D%0A'),'--',variables('BatchID'),decodeUriComponent('%0D%0A'))))"
                },
                "If_Output_for_Create_Items_is_not_empty": {
                  "actions": {
                    "Execute_Batch_for_Create_Items": {
                      "runAfter": {},
                      "metadata": {
                        "operationMetadataId": "f3ba0345-a07e-47c9-ae81-2dd95c7a3129"
                      },
                      "type": "OpenApiConnection",
                      "inputs": {
                        "host": {
                          "connectionName": "shared_webcontents_1",
                          "operationId": "InvokeHttp",
                          "apiId": "/providers/Microsoft.PowerApps/apis/shared_webcontents"
                        },
                        "parameters": {
                          "request/method": "POST",
                          "request/url": "@{variables('environment URL')}/api/data/v9.1/$batch",
                          "request/headers": {
                            "Accept": "application/json",
                            "Content-Type": "multipart/mixed;boundary=@{variables('BatchID')}"
                          },
                          "request/body": "@{outputs('Create_Items_String')}\n\n\n--@{variables('BatchID')}--\n\n"
                        },
                        "authentication": "@parameters('$authentication')"
                      }
                    }
                  },
                  "runAfter": {
                    "Create_Items_String": [
                      "Succeeded"
                    ]
                  },
                  "expression": {
                    "not": {
                      "equals": [
                        "@outputs('Create_Items_String')",
                        "@concat('--',variables('BatchID'),decodeUriComponent('%0D%0A'))"
                      ]
                    }
                  },
                  "metadata": {
                    "operationMetadataId": "ed1e2906-456d-4393-86b6-2c4a487b9a2c"
                  },
                  "type": "If"
                },
                "Get_ThisBatch_of_Create_Items": {
                  "runAfter": {},
                  "metadata": {
                    "operationMetadataId": "698ea950-baa8-4d4d-bb9f-f834d69b9e11"
                  },
                  "type": "SetVariable",
                  "inputs": {
                    "name": "ThisBatch",
                    "value": "@take(skip(variables('Create Items'),variables('ProcessedCount')), variables('MaxBatchSize'))"
                  }
                },
                "Increment_ProcessedCount_for_Create_Items": {
                  "runAfter": {
                    "Set_variable": [
                      "Succeeded"
                    ]
                  },
                  "metadata": {
                    "operationMetadataId": "bc77af7d-a058-4ca5-99c0-9bede6a015ff"
                  },
                  "type": "IncrementVariable",
                  "inputs": {
                    "name": "ProcessedCount",
                    "value": "@length(variables('ThisBatch'))"
                  }
                },
                "Decrement_RemainingItemsToProcess_for_Create_Items": {
                  "runAfter": {
                    "Increment_ProcessedCount_for_Create_Items": [
                      "Succeeded"
                    ]
                  },
                  "metadata": {
                    "operationMetadataId": "8d4af9f2-d4ff-443a-beb8-82d784bc6824"
                  },
                  "type": "DecrementVariable",
                  "inputs": {
                    "name": "RemainingItemsToProcess",
                    "value": "@length(variables('ThisBatch'))"
                  }
                },
                "Set_variable": {
                  "runAfter": {
                    "Get_ThisBatch_of_Create_Items": [
                      "Succeeded"
                    ]
                  },
                  "metadata": {
                    "operationMetadataId": "5824d2d2-c3a7-4659-a873-46a1120c933c"
                  },
                  "type": "SetVariable",
                  "inputs": {
                    "name": "BatchID",
                    "value": "batch_@{guid()}"
                  }
                }
              },
              "runAfter": {
                "Reset_ProcessedCount_for_Create_Items": [
                  "Succeeded"
                ]
              },
              "expression": "@equals(variables('RemainingItemsToProcess'), 0)",
              "limit": {
                "count": 60,
                "timeout": "PT1H"
              },
              "metadata": {
                "operationMetadataId": "2df52c74-319c-4806-b456-cb279d2ed453"
              },
              "type": "Until"
            }
          },
          "runAfter": {
            "Execute_Delete_Items": [
              "Succeeded"
            ]
          },
          "metadata": {
            "operationMetadataId": "6611c261-2950-4b71-8db9-ecf78a2c2376"
          },
          "type": "Scope"
        },
        "Execute_Create_Transactions": {
          "actions": {
            "Set_RemainingItemsToProcess_for_Create_Transactions": {
              "runAfter": {},
              "metadata": {
                "operationMetadataId": "9d110986-817b-4064-87cc-554737b7410a"
              },
              "type": "SetVariable",
              "inputs": {
                "name": "RemainingItemsToProcess",
                "value": "@length(variables('Create Transactions'))"
              }
            },
            "Reset_ProcessedCount_for_Create_Transactions": {
              "runAfter": {
                "Set_RemainingItemsToProcess_for_Create_Transactions": [
                  "Succeeded"
                ]
              },
              "metadata": {
                "operationMetadataId": "04219e30-4734-4385-8ba9-2cd2c1830769"
              },
              "type": "SetVariable",
              "inputs": {
                "name": "ProcessedCount",
                "value": 0
              }
            },
            "Do_until_no_more_Create_Transactions_to_process": {
              "actions": {
                "Get_ThisBatch_of_Create_Transactions": {
                  "runAfter": {},
                  "metadata": {
                    "operationMetadataId": "a6e8fb45-daec-4bc6-8566-4e66d4692c46"
                  },
                  "type": "SetVariable",
                  "inputs": {
                    "name": "ThisBatch",
                    "value": "@take(skip(variables('Create Transactions'),variables('ProcessedCount')), variables('MaxBatchSize'))"
                  }
                },
                "Set_BatchID_for_Create_Transactions": {
                  "runAfter": {
                    "Get_ThisBatch_of_Create_Transactions": [
                      "Succeeded"
                    ]
                  },
                  "metadata": {
                    "operationMetadataId": "44eb6530-0ce4-420c-99da-48d1820f733c"
                  },
                  "type": "SetVariable",
                  "inputs": {
                    "name": "BatchID",
                    "value": "batch_@{guid()}"
                  }
                },
                "Increment_ProcessedCount_for_Create_Transactions": {
                  "runAfter": {
                    "Set_BatchID_for_Create_Transactions": [
                      "Succeeded"
                    ]
                  },
                  "metadata": {
                    "operationMetadataId": "f919efd3-78ed-4182-98dc-6b76de570a12"
                  },
                  "type": "IncrementVariable",
                  "inputs": {
                    "name": "ProcessedCount",
                    "value": "@length(variables('ThisBatch'))"
                  }
                },
                "Decrement_RemainingItemsToProcess_for_Create_Transactions": {
                  "runAfter": {
                    "Increment_ProcessedCount_for_Create_Transactions": [
                      "Succeeded"
                    ]
                  },
                  "metadata": {
                    "operationMetadataId": "fd0795d8-e040-48d3-8b54-55279c7e6588"
                  },
                  "type": "DecrementVariable",
                  "inputs": {
                    "name": "RemainingItemsToProcess",
                    "value": "@length(variables('ThisBatch'))"
                  }
                },
                "Create_Transactions_String": {
                  "runAfter": {
                    "Decrement_RemainingItemsToProcess_for_Create_Transactions": [
                      "Succeeded"
                    ]
                  },
                  "metadata": {
                    "operationMetadataId": "a3bb91e6-ee91-4389-898b-c5db689b0b60"
                  },
                  "type": "Compose",
                  "inputs": "@concat('--',variables('BatchID'),decodeUriComponent('%0D%0A'),join(variables('ThisBatch'),concat(decodeUriComponent('%0D%0A%0D%0A'),'--',variables('BatchID'),decodeUriComponent('%0D%0A'))))"
                },
                "If_Output_for_Create_Transactions_is_not_empty": {
                  "actions": {
                    "Execute_Batch_for_Create_Transactions": {
                      "runAfter": {},
                      "metadata": {
                        "operationMetadataId": "f3ba0345-a07e-47c9-ae81-2dd95c7a3129"
                      },
                      "type": "OpenApiConnection",
                      "inputs": {
                        "host": {
                          "connectionName": "shared_webcontents_1",
                          "operationId": "InvokeHttp",
                          "apiId": "/providers/Microsoft.PowerApps/apis/shared_webcontents"
                        },
                        "parameters": {
                          "request/method": "POST",
                          "request/url": "@{variables('environment URL')}/api/data/v9.1/$batch",
                          "request/headers": {
                            "Accept": "application/json",
                            "Content-Type": "multipart/mixed;boundary=@{variables('BatchID')}"
                          },
                          "request/body": "@{outputs('Create_Transactions_String')}\n\n\n--@{variables('BatchID')}--\n\n"
                        },
                        "authentication": "@parameters('$authentication')"
                      }
                    }
                  },
                  "runAfter": {
                    "Create_Transactions_String": [
                      "Succeeded"
                    ]
                  },
                  "expression": {
                    "not": {
                      "equals": [
                        "@outputs('Create_Transactions_String')",
                        "@concat('--',variables('BatchID'),decodeUriComponent('%0D%0A'))"
                      ]
                    }
                  },
                  "metadata": {
                    "operationMetadataId": "9f27a6a3-3f99-40f2-853f-03a9def24b96"
                  },
                  "type": "If"
                }
              },
              "runAfter": {
                "Reset_ProcessedCount_for_Create_Transactions": [
                  "Succeeded"
                ]
              },
              "expression": "@equals(variables('RemainingItemsToProcess'), 0)",
              "limit": {
                "count": 60,
                "timeout": "PT1H"
              },
              "metadata": {
                "operationMetadataId": "1dcfa16f-a072-41bd-b540-947e83c69dc8"
              },
              "type": "Until"
            }
          },
          "runAfter": {
            "Execute_Update_Items": [
              "Succeeded"
            ]
          },
          "metadata": {
            "operationMetadataId": "6611c261-2950-4b71-8db9-ecf78a2c2376"
          },
          "type": "Scope"
        },
        "Execute_Update_Transactions": {
          "actions": {
            "Set_RemainingItemsToProcess_for_Update_Transactions": {
              "runAfter": {},
              "metadata": {
                "operationMetadataId": "5123e8da-eb20-497a-819d-b400fc05d085"
              },
              "type": "SetVariable",
              "inputs": {
                "name": "RemainingItemsToProcess",
                "value": "@length(variables('Update Transactions'))"
              }
            },
            "Reset_ProcessedCount_for_Update_Transactions": {
              "runAfter": {
                "Set_RemainingItemsToProcess_for_Update_Transactions": [
                  "Succeeded"
                ]
              },
              "metadata": {
                "operationMetadataId": "e169d2f0-425d-4ff5-a762-f5ca228ce98f"
              },
              "type": "SetVariable",
              "inputs": {
                "name": "ProcessedCount",
                "value": 0
              }
            },
            "Do_until_no_more_Update_Transactions_to_process": {
              "actions": {
                "Get_ThisBatch_of_Update_Transactions": {
                  "runAfter": {},
                  "metadata": {
                    "operationMetadataId": "03234940-e3de-4c6d-812b-1a134d5a93c2"
                  },
                  "type": "SetVariable",
                  "inputs": {
                    "name": "ThisBatch",
                    "value": "@take(skip(variables('Update Transactions'),variables('ProcessedCount')), variables('MaxBatchSize'))"
                  }
                },
                "Set_BatchID_for_Update_Transactions": {
                  "runAfter": {
                    "Get_ThisBatch_of_Update_Transactions": [
                      "Succeeded"
                    ]
                  },
                  "metadata": {
                    "operationMetadataId": "58ce2707-55d6-4e7e-9909-9db010eacd75"
                  },
                  "type": "SetVariable",
                  "inputs": {
                    "name": "BatchID",
                    "value": "batch_@{guid()}"
                  }
                },
                "Increment_ProcessedCount_for_Update_Transactions": {
                  "runAfter": {
                    "Set_BatchID_for_Update_Transactions": [
                      "Succeeded"
                    ]
                  },
                  "metadata": {
                    "operationMetadataId": "8e7432a7-6232-49eb-afed-b687c8668d7a"
                  },
                  "type": "IncrementVariable",
                  "inputs": {
                    "name": "ProcessedCount",
                    "value": "@length(variables('ThisBatch'))"
                  }
                },
                "Decrement_RemainingItemsToProcess_for_Update_Transactions": {
                  "runAfter": {
                    "Increment_ProcessedCount_for_Update_Transactions": [
                      "Succeeded"
                    ]
                  },
                  "metadata": {
                    "operationMetadataId": "ee5f1a7b-182f-4b09-9bf5-5d833fc9a397"
                  },
                  "type": "DecrementVariable",
                  "inputs": {
                    "name": "RemainingItemsToProcess",
                    "value": "@length(variables('ThisBatch'))"
                  }
                },
                "Update_Transactions_String": {
                  "runAfter": {
                    "Decrement_RemainingItemsToProcess_for_Update_Transactions": [
                      "Succeeded"
                    ]
                  },
                  "metadata": {
                    "operationMetadataId": "a3bb91e6-ee91-4389-898b-c5db689b0b60"
                  },
                  "type": "Compose",
                  "inputs": "@concat('--',variables('BatchID'),decodeUriComponent('%0D%0A'),join(variables('ThisBatch'),concat(decodeUriComponent('%0D%0A%0D%0A'),'--',variables('BatchID'),decodeUriComponent('%0D%0A'))))"
                },
                "If_Output_for_Update_Transactions_is_not_empty": {
                  "actions": {
                    "Execute_Batch_for_Update_Transactions": {
                      "runAfter": {},
                      "metadata": {
                        "operationMetadataId": "f3ba0345-a07e-47c9-ae81-2dd95c7a3129"
                      },
                      "type": "OpenApiConnection",
                      "inputs": {
                        "host": {
                          "connectionName": "shared_webcontents_1",
                          "operationId": "InvokeHttp",
                          "apiId": "/providers/Microsoft.PowerApps/apis/shared_webcontents"
                        },
                        "parameters": {
                          "request/method": "POST",
                          "request/url": "@{variables('environment URL')}/api/data/v9.1/$batch",
                          "request/headers": {
                            "Accept": "application/json",
                            "Content-Type": "multipart/mixed;boundary=@{variables('BatchID')}"
                          },
                          "request/body": "@{outputs('Update_Transactions_String')}\n\n\n--@{variables('BatchID')}--\n\n"
                        },
                        "authentication": "@parameters('$authentication')"
                      }
                    }
                  },
                  "runAfter": {
                    "Update_Transactions_String": [
                      "Succeeded"
                    ]
                  },
                  "expression": {
                    "not": {
                      "equals": [
                        "@outputs('Update_Transactions_String')",
                        "@concat('--',variables('BatchID'),decodeUriComponent('%0D%0A'))"
                      ]
                    }
                  },
                  "metadata": {
                    "operationMetadataId": "e7e32841-e8bd-4b30-909d-3b2ddeb2e589"
                  },
                  "type": "If"
                }
              },
              "runAfter": {
                "Reset_ProcessedCount_for_Update_Transactions": [
                  "Succeeded"
                ]
              },
              "expression": "@equals(variables('RemainingItemsToProcess'), 0)",
              "limit": {
                "count": 60,
                "timeout": "PT1H"
              },
              "metadata": {
                "operationMetadataId": "f9403fe6-42cc-404c-bfe8-8429ddf3c3ab"
              },
              "type": "Until"
            }
          },
          "runAfter": {
            "Execute_Create_Transactions": [
              "Succeeded"
            ]
          },
          "metadata": {
            "operationMetadataId": "6611c261-2950-4b71-8db9-ecf78a2c2376"
          },
          "type": "Scope"
        },
        "Execute_Delete_Transactions": {
          "actions": {
            "Do_until_no_more_Delete_Transactions_to_process": {
              "actions": {
                "Get_This_Batch_of_Delete_Transactions": {
                  "runAfter": {},
                  "metadata": {
                    "operationMetadataId": "c3f3228a-1143-4b1e-8eaa-78d0003b5705"
                  },
                  "type": "SetVariable",
                  "inputs": {
                    "name": "ThisBatch",
                    "value": "@take(skip(variables('Delete Transactions'),variables('ProcessedCount')), variables('MaxBatchSize'))"
                  }
                },
                "Increment_ProcessedCount_for_Delete_Transactions": {
                  "runAfter": {
                    "Set_BatchID_for_Delete_Transactions": [
                      "Succeeded"
                    ]
                  },
                  "metadata": {
                    "operationMetadataId": "45767014-147b-409c-8b64-17238ae09f34"
                  },
                  "type": "IncrementVariable",
                  "inputs": {
                    "name": "ProcessedCount",
                    "value": "@length(variables('ThisBatch'))"
                  }
                },
                "Decrement_RemainingItemsToProcess_for_Delete_Transactions": {
                  "runAfter": {
                    "Increment_ProcessedCount_for_Delete_Transactions": [
                      "Succeeded"
                    ]
                  },
                  "metadata": {
                    "operationMetadataId": "33fac055-6b80-4987-b344-79292f59eec9"
                  },
                  "type": "DecrementVariable",
                  "inputs": {
                    "name": "RemainingItemsToProcess",
                    "value": "@length(variables('ThisBatch'))"
                  }
                },
                "Delete_Transactions_String": {
                  "runAfter": {
                    "Decrement_RemainingItemsToProcess_for_Delete_Transactions": [
                      "Succeeded"
                    ]
                  },
                  "metadata": {
                    "operationMetadataId": "a3bb91e6-ee91-4389-898b-c5db689b0b60"
                  },
                  "type": "Compose",
                  "inputs": "@concat('--',variables('BatchID'),decodeUriComponent('%0D%0A'),join(variables('ThisBatch'),concat(decodeUriComponent('%0D%0A%0D%0A'),'--',variables('BatchID'),decodeUriComponent('%0D%0A'))))"
                },
                "If_Output_for_Delete_Transactions_is_not_empty": {
                  "actions": {
                    "Execute_Batch_for_Delete_Transactions": {
                      "runAfter": {},
                      "metadata": {
                        "operationMetadataId": "f3ba0345-a07e-47c9-ae81-2dd95c7a3129"
                      },
                      "type": "OpenApiConnection",
                      "inputs": {
                        "host": {
                          "connectionName": "shared_webcontents_1",
                          "operationId": "InvokeHttp",
                          "apiId": "/providers/Microsoft.PowerApps/apis/shared_webcontents"
                        },
                        "parameters": {
                          "request/method": "POST",
                          "request/url": "@{variables('environment URL')}/api/data/v9.1/$batch",
                          "request/headers": {
                            "Accept": "application/json",
                            "Content-Type": "multipart/mixed;boundary=@{variables('BatchID')}"
                          },
                          "request/body": "@{outputs('Delete_Transactions_String')}\n\n\n--@{variables('BatchID')}--\n\n"
                        },
                        "authentication": "@parameters('$authentication')"
                      }
                    }
                  },
                  "runAfter": {
                    "Delete_Transactions_String": [
                      "Succeeded"
                    ]
                  },
                  "expression": {
                    "not": {
                      "equals": [
                        "@outputs('Delete_Transactions_String')",
                        "@concat('--',variables('BatchID'),decodeUriComponent('%0D%0A'))"
                      ]
                    }
                  },
                  "metadata": {
                    "operationMetadataId": "a380e189-5f27-46d1-b08f-83b5d550e2de"
                  },
                  "type": "If"
                },
                "Set_BatchID_for_Delete_Transactions": {
                  "runAfter": {
                    "Get_This_Batch_of_Delete_Transactions": [
                      "Succeeded"
                    ]
                  },
                  "metadata": {
                    "operationMetadataId": "d5254da6-3b7b-42ee-8260-ff6f067f529f"
                  },
                  "type": "SetVariable",
                  "inputs": {
                    "name": "BatchID",
                    "value": "batch_@{guid()}"
                  }
                }
              },
              "runAfter": {
                "Set_RemainingItemsToProcess_for_Delete_Transactions": [
                  "Succeeded"
                ]
              },
              "expression": "@equals(variables('RemainingItemsToProcess'), 0)",
              "limit": {
                "count": 60,
                "timeout": "PT1H"
              },
              "metadata": {
                "operationMetadataId": "91ca9b2c-e23c-4687-a46f-204c1748087f"
              },
              "type": "Until"
            },
            "Set_RemainingItemsToProcess_for_Delete_Transactions": {
              "runAfter": {},
              "metadata": {
                "operationMetadataId": "4fb3d93b-601a-479a-a031-9961d3ece35c"
              },
              "type": "SetVariable",
              "inputs": {
                "name": "RemainingItemsToProcess",
                "value": "@length(variables('Delete Transactions'))"
              }
            }
          },
          "runAfter": {
            "Run_API_per_project": [
              "Succeeded"
            ]
          },
          "metadata": {
            "operationMetadataId": "6611c261-2950-4b71-8db9-ecf78a2c2376"
          },
          "type": "Scope"
        },
        "Execute_Delete_Items": {
          "actions": {
            "Set_RemainingItemsToProcess_for_Delete_Items": {
              "runAfter": {},
              "metadata": {
                "operationMetadataId": "8cb78e5f-5da7-433d-863d-88376cfbbb49"
              },
              "type": "SetVariable",
              "inputs": {
                "name": "RemainingItemsToProcess",
                "value": "@length(variables('Delete Items'))"
              }
            },
            "Do_until_no_more_Delete_Items_to_process": {
              "actions": {
                "Get_ThisBatch_of_Delete_Items": {
                  "runAfter": {},
                  "metadata": {
                    "operationMetadataId": "75d08f35-d021-4934-97a3-cc619caaf984"
                  },
                  "type": "SetVariable",
                  "inputs": {
                    "name": "ThisBatch",
                    "value": "@take(skip(variables('Delete Items'),variables('ProcessedCount')), variables('MaxBatchSize'))"
                  }
                },
                "Increment_ProcessedCount_for_Delete_Items": {
                  "runAfter": {
                    "Set_BatchID_for_Delete_Items": [
                      "Succeeded"
                    ]
                  },
                  "metadata": {
                    "operationMetadataId": "19e1730e-3d6a-4d68-87ed-e83e25509e05"
                  },
                  "type": "IncrementVariable",
                  "inputs": {
                    "name": "ProcessedCount",
                    "value": "@length(variables('ThisBatch'))"
                  }
                },
                "Decrement_RemainingItemsToProcess_for_Delete_Items": {
                  "runAfter": {
                    "Increment_ProcessedCount_for_Delete_Items": [
                      "Succeeded"
                    ]
                  },
                  "metadata": {
                    "operationMetadataId": "23cb4c6b-1f4d-4685-9ee8-7a3ea92807d4"
                  },
                  "type": "DecrementVariable",
                  "inputs": {
                    "name": "RemainingItemsToProcess",
                    "value": "@length(variables('ThisBatch'))"
                  }
                },
                "Delete_Items_String": {
                  "runAfter": {
                    "Decrement_RemainingItemsToProcess_for_Delete_Items": [
                      "Succeeded"
                    ]
                  },
                  "metadata": {
                    "operationMetadataId": "a3bb91e6-ee91-4389-898b-c5db689b0b60"
                  },
                  "type": "Compose",
                  "inputs": "@concat('--',variables('BatchID'),decodeUriComponent('%0D%0A'),join(variables('ThisBatch'),concat(decodeUriComponent('%0D%0A%0D%0A'),'--',variables('BatchID'),decodeUriComponent('%0D%0A'))))"
                },
                "If_Output_for_Delete_Items_is_not_empty": {
                  "actions": {
                    "Execute_Batch_for_Delete_Items": {
                      "runAfter": {},
                      "metadata": {
                        "operationMetadataId": "f3ba0345-a07e-47c9-ae81-2dd95c7a3129"
                      },
                      "type": "OpenApiConnection",
                      "inputs": {
                        "host": {
                          "connectionName": "shared_webcontents_1",
                          "operationId": "InvokeHttp",
                          "apiId": "/providers/Microsoft.PowerApps/apis/shared_webcontents"
                        },
                        "parameters": {
                          "request/method": "POST",
                          "request/url": "@{variables('environment URL')}/api/data/v9.1/$batch",
                          "request/headers": {
                            "Accept": "application/json",
                            "Content-Type": "multipart/mixed;boundary=@{variables('BatchID')}"
                          },
                          "request/body": "@{outputs('Delete_Items_String')}\n\n\n--@{variables('BatchID')}--\n\n"
                        },
                        "authentication": "@parameters('$authentication')"
                      }
                    }
                  },
                  "runAfter": {
                    "Delete_Items_String": [
                      "Succeeded"
                    ]
                  },
                  "expression": {
                    "not": {
                      "equals": [
                        "@outputs('Delete_Items_String')",
                        "@concat('--',variables('BatchID'),decodeUriComponent('%0D%0A'))"
                      ]
                    }
                  },
                  "metadata": {
                    "operationMetadataId": "b5798854-7d32-4c3c-af4d-31a4626bdf49"
                  },
                  "type": "If"
                },
                "Set_BatchID_for_Delete_Items": {
                  "runAfter": {
                    "Get_ThisBatch_of_Delete_Items": [
                      "Succeeded"
                    ]
                  },
                  "metadata": {
                    "operationMetadataId": "56e9b24c-23a8-420e-8fac-421f61de8f97"
                  },
                  "type": "SetVariable",
                  "inputs": {
                    "name": "BatchID",
                    "value": "batch_@{guid()}"
                  }
                }
              },
              "runAfter": {
                "Reset_ProcessedCount_for_Delete_Items": [
                  "Succeeded"
                ]
              },
              "expression": "@equals(variables('RemainingItemsToProcess'), 0)",
              "limit": {
                "count": 60,
                "timeout": "PT1H"
              },
              "metadata": {
                "operationMetadataId": "3435e22d-9f60-46c5-9db5-bf52f0ffe0e8"
              },
              "type": "Until"
            },
            "Reset_ProcessedCount_for_Delete_Items": {
              "runAfter": {
                "Set_RemainingItemsToProcess_for_Delete_Items": [
                  "Succeeded"
                ]
              },
              "metadata": {
                "operationMetadataId": "70c1c253-b981-43f0-bc1b-a1d3fdcfb8e0"
              },
              "type": "SetVariable",
              "inputs": {
                "name": "ProcessedCount",
                "value": 0
              }
            }
          },
          "runAfter": {
            "Execute_Delete_Transactions": [
              "Succeeded"
            ]
          },
          "metadata": {
            "operationMetadataId": "6611c261-2950-4b71-8db9-ecf78a2c2376"
          },
          "type": "Scope"
        },
        "Execute_Update_Items": {
          "actions": {
            "Set_RemainingItemsToProcess_for_Update_Items": {
              "runAfter": {},
              "metadata": {
                "operationMetadataId": "0b199ff4-f012-4ceb-a4e6-f60584f775eb"
              },
              "type": "SetVariable",
              "inputs": {
                "name": "RemainingItemsToProcess",
                "value": "@length(variables('Update Items'))"
              }
            },
            "Reset_ProcessedCount_for_Update_Items": {
              "runAfter": {
                "Set_RemainingItemsToProcess_for_Update_Items": [
                  "Succeeded"
                ]
              },
              "metadata": {
                "operationMetadataId": "fca36810-0998-4737-8655-4214745d59b5"
              },
              "type": "SetVariable",
              "inputs": {
                "name": "ProcessedCount",
                "value": 0
              }
            },
            "Do_until_no_more_Update_Items_to_process": {
              "actions": {
                "Get_ThisBatch_of_Update_Items": {
                  "runAfter": {},
                  "metadata": {
                    "operationMetadataId": "82ce142a-e292-4fce-9eb7-1cd3f99c43b2"
                  },
                  "type": "SetVariable",
                  "inputs": {
                    "name": "ThisBatch",
                    "value": "@take(skip(variables('Update Items'),variables('ProcessedCount')), variables('MaxBatchSize'))"
                  }
                },
                "Increment_ProcessedCount_for_Update_Items": {
                  "runAfter": {
                    "Set_BatchID_for_Update_Items": [
                      "Succeeded"
                    ]
                  },
                  "metadata": {
                    "operationMetadataId": "f9f44215-2d18-4de9-9216-a87cf9dbaf6b"
                  },
                  "type": "IncrementVariable",
                  "inputs": {
                    "name": "ProcessedCount",
                    "value": "@length(variables('ThisBatch'))"
                  }
                },
                "Decrement_RemainingItemsToProcess_for_Update_Items": {
                  "runAfter": {
                    "Increment_ProcessedCount_for_Update_Items": [
                      "Succeeded"
                    ]
                  },
                  "metadata": {
                    "operationMetadataId": "a4caf522-5513-4bda-bbaf-b93d8458b9cb"
                  },
                  "type": "DecrementVariable",
                  "inputs": {
                    "name": "RemainingItemsToProcess",
                    "value": "@length(variables('ThisBatch'))"
                  }
                },
                "Update_Items_String": {
                  "runAfter": {
                    "Decrement_RemainingItemsToProcess_for_Update_Items": [
                      "Succeeded"
                    ]
                  },
                  "metadata": {
                    "operationMetadataId": "a3bb91e6-ee91-4389-898b-c5db689b0b60"
                  },
                  "type": "Compose",
                  "inputs": "@concat('--',variables('BatchID'),decodeUriComponent('%0D%0A'),join(variables('ThisBatch'),concat(decodeUriComponent('%0D%0A%0D%0A'),'--',variables('BatchID'),decodeUriComponent('%0D%0A'))))"
                },
                "If_Output_for_Update_Items_is_not_empty": {
                  "actions": {
                    "Execute_Batch_for_Update_Items": {
                      "runAfter": {},
                      "metadata": {
                        "operationMetadataId": "f3ba0345-a07e-47c9-ae81-2dd95c7a3129"
                      },
                      "type": "OpenApiConnection",
                      "inputs": {
                        "host": {
                          "connectionName": "shared_webcontents_1",
                          "operationId": "InvokeHttp",
                          "apiId": "/providers/Microsoft.PowerApps/apis/shared_webcontents"
                        },
                        "parameters": {
                          "request/method": "POST",
                          "request/url": "@{variables('environment URL')}/api/data/v9.1/$batch",
                          "request/headers": {
                            "Accept": "application/json",
                            "Content-Type": "multipart/mixed;boundary=@{variables('BatchID')}"
                          },
                          "request/body": "@{outputs('Update_Items_String')}\n\n\n--@{variables('BatchID')}--\n\n"
                        },
                        "authentication": "@parameters('$authentication')"
                      }
                    }
                  },
                  "runAfter": {
                    "Update_Items_String": [
                      "Succeeded"
                    ]
                  },
                  "expression": {
                    "not": {
                      "equals": [
                        "@outputs('Update_Items_String')",
                        "@concat('--',variables('BatchID'),decodeUriComponent('%0D%0A'))"
                      ]
                    }
                  },
                  "metadata": {
                    "operationMetadataId": "a8f29bc6-ae7d-4aac-8193-521c62bf2a12"
                  },
                  "type": "If"
                },
                "Set_BatchID_for_Update_Items": {
                  "runAfter": {
                    "Get_ThisBatch_of_Update_Items": [
                      "Succeeded"
                    ]
                  },
                  "metadata": {
                    "operationMetadataId": "6f21e9ab-df1c-4624-ab47-e05c6be001eb"
                  },
                  "type": "SetVariable",
                  "inputs": {
                    "name": "BatchID",
                    "value": "batch_@{guid()}"
                  }
                }
              },
              "runAfter": {
                "Reset_ProcessedCount_for_Update_Items": [
                  "Succeeded"
                ]
              },
              "expression": "@equals(variables('RemainingItemsToProcess'), 0)",
              "limit": {
                "count": 60,
                "timeout": "PT1H"
              },
              "metadata": {
                "operationMetadataId": "12fb6c0c-5f7e-41d5-bf26-e1b0ce4eae2d"
              },
              "type": "Until"
            }
          },
          "runAfter": {
            "Execute_Create_Items": [
              "Succeeded"
            ]
          },
          "metadata": {
            "operationMetadataId": "6611c261-2950-4b71-8db9-ecf78a2c2376"
          },
          "type": "Scope"
        },
        "Environment_URL": {
          "runAfter": {
            "List_rows": [
              "Succeeded"
            ]
          },
          "metadata": {
            "operationMetadataId": "1bbaa90d-9c88-4650-85e1-e12b42916d2f"
          },
          "type": "InitializeVariable",
          "inputs": {
            "variables": [
              {
                "name": "environment URL",
                "type": "string",
                "value": "https://org00ecf582.crm5.dynamics.com"
              }
            ]
          }
        },
        "MaxBatchSize": {
          "runAfter": {
            "Environment_URL": [
              "Succeeded"
            ]
          },
          "metadata": {
            "operationMetadataId": "e8ebc5b7-ad5b-43d6-9383-d573ca225efc"
          },
          "type": "InitializeVariable",
          "inputs": {
            "variables": [
              {
                "name": "MaxBatchSize",
                "type": "integer",
                "value": 500
              }
            ]
          }
        },
        "RemainingItemsToProcess": {
          "runAfter": {
            "ProcessedCount": [
              "Succeeded"
            ]
          },
          "metadata": {
            "operationMetadataId": "b2e1dbc3-9517-4e07-9f97-d2b30011191f"
          },
          "type": "InitializeVariable",
          "inputs": {
            "variables": [
              {
                "name": "RemainingItemsToProcess",
                "type": "integer",
                "value": 0
              }
            ]
          }
        },
        "ThisBatch": {
          "runAfter": {
            "RemainingItemsToProcess": [
              "Succeeded"
            ]
          },
          "metadata": {
            "operationMetadataId": "edde36a9-7368-43bb-bada-da757605aab6"
          },
          "type": "InitializeVariable",
          "inputs": {
            "variables": [
              {
                "name": "ThisBatch",
                "type": "array"
              }
            ]
          }
        },
        "ProcessedCount": {
          "runAfter": {
            "MaxBatchSize": [
              "Succeeded"
            ]
          },
          "metadata": {
            "operationMetadataId": "59e70117-d927-4aa4-818f-844031988d80"
          },
          "type": "InitializeVariable",
          "inputs": {
            "variables": [
              {
                "name": "ProcessedCount",
                "type": "integer",
                "value": 0
              }
            ]
          }
        },
        "BatchID": {
          "runAfter": {
            "ThisBatch": [
              "Succeeded"
            ]
          },
          "metadata": {
            "operationMetadataId": "78cff9ed-1a96-4829-b4b0-f3a9c260f7c6"
          },
          "type": "InitializeVariable",
          "inputs": {
            "variables": [
              {
                "name": "BatchID",
                "type": "string",
                "value": "batch_@{guid()}"
              }
            ]
          }
        }
      }
    },
    "templateName": ""
  },
  "schemaVersion": "1.0.0.0"
}