{
  "name": "Dim_ChartofAccounts",
  "description": "",
  "version": "1.0",
  "culture": "en-GB",
  "modifiedTime": "2023-05-10T00:42:29.2334749+00:00",
  "ppdf:outputFileFormat": "csv",
  "pbi:mashup": {
    "fastCombine": false,
    "allowNativeQueries": false,
    "skipAutomaticHeaderAndTypeDetection": false,
    "queriesMetadata": {
      "DataverseInstanceURL": {
        "queryId": "2b776bb6-fbc4-4b9d-b3f0-7c91a9e922e5",
        "queryName": "DataverseInstanceURL",
        "queryGroupId": "ae50d597-7fe1-437d-ace2-57ddb15efc7c"
      },
      "sensei_financialcategory": {
        "queryId": "313fc793-9745-468e-b3a9-95504b01200c",
        "queryName": "sensei_financialcategory",
        "queryGroupId": "54e9b8aa-b8e5-43bc-b30e-c8aa97af2f8f"
      },
      "Dim_ChartofAccounts": {
        "queryId": "bb677b54-2289-43f3-aada-eebe6061b87e",
        "queryName": "Dim_ChartofAccounts",
        "queryGroupId": "16d0a631-4bf2-45d6-959e-64b1811dcb6b",
        "loadEnabled": true
      }
    },
    "document": "section Section1;\r\nshared DataverseInstanceURL = \"iq-demo1.crm6.dynamics.com\" meta [IsParameterQuery = true, IsParameterQueryRequired = true, Type = type text];\r\nshared sensei_financialcategory = let\n  Source = CommonDataService.Database(DataverseInstanceURL, [CreateNavigationProperties = null]),\n  #\"Navigation 1\" = Source{[Schema = \"dbo\", Item = \"sensei_financialcategory\"]}[Data],\n  #\"Choose columns\" = Table.SelectColumns(#\"Navigation 1\", {\"sensei_financialcategoryid\", \"sensei_name\", \"sensei_parentfinancialcategoryname\"}),\n  #\"Renamed columns\" = Table.RenameColumns(#\"Choose columns\", {{\"sensei_name\", \"FinancialCategory\"}, {\"sensei_parentfinancialcategoryname\", \"ParentFinancialCategory\"}})\nin\n  #\"Renamed columns\";\r\nshared Dim_ChartofAccounts = let\n  Source = CommonDataService.Database(DataverseInstanceURL, [CreateNavigationProperties = null]),\n  #\"Navigation 1\" = Source{[Schema = \"dbo\", Item = \"sensei_financialitem\"]}[Data],\n    #\"Choose columns\" = Table.SelectColumns(#\"Navigation 1\", {\"sensei_financialitemid\", \"sensei_name\", \"sensei_financialcategory\"}),\n  #\"Renamed columns\" = Table.RenameColumns(#\"Choose columns\", {{\"sensei_name\", \"FinancialItemName\"}}),\n  #\"Merged queries\" = Table.NestedJoin(#\"Renamed columns\", {\"sensei_financialcategory\"}, sensei_financialcategory, {\"sensei_financialcategoryid\"}, \"sensei_financialcategory (2)\", JoinKind.Inner),\n  #\"Expanded sensei_financialcategory (2)\" = Table.ExpandTableColumn(#\"Merged queries\", \"sensei_financialcategory (2)\", {\"FinancialCategory\", \"ParentFinancialCategory\"}, {\"FinancialCategory\", \"ParentFinancialCategory\"}),\n  #\"Removed columns\" = Table.RemoveColumns(#\"Expanded sensei_financialcategory (2)\", {\"sensei_financialcategory\"}),\n  #\"Added custom\" = Table.AddColumn(#\"Removed columns\", \"ParentFinancialCategoryFinal\", each if [ParentFinancialCategory] = null then [FinancialCategory] else [ParentFinancialCategory]),\n  #\"Choose columns 1\" = Table.SelectColumns(#\"Added custom\", {\"sensei_financialitemid\", \"FinancialItemName\", \"FinancialCategory\", \"ParentFinancialCategoryFinal\"}),\n  #\"Renamed columns 1\" = Table.RenameColumns(#\"Choose columns 1\", {{\"ParentFinancialCategoryFinal\", \"ParentFinancialCategory\"}}),\n  #\"Capitalized each word\" = Table.TransformColumns(#\"Renamed columns 1\", {{\"FinancialItemName\", each Text.Proper(_), type nullable text}}),\n  #\"Capitalized each word 1\" = Table.TransformColumns(#\"Capitalized each word\", {{\"ParentFinancialCategory\", each Text.Proper(_), type nullable text}}),\n  #\"Capitalized each word 2\" = Table.TransformColumns(#\"Capitalized each word 1\", {{\"FinancialCategory\", each Text.Proper(_), type nullable text}}),\n  #\"Reordered columns\" = Table.ReorderColumns(#\"Capitalized each word 2\", {\"sensei_financialitemid\", \"FinancialItemName\", \"ParentFinancialCategory\", \"FinancialCategory\"})\nin\n  #\"Reordered columns\";\r\n",
    "connectionOverrides": [
      {
        "path": "iq-atsumeru.crm6.dynamics.com",
        "kind": "CommonDataService",
        "provider": "CdsA",
        "authenticationKind": null,
        "environmentName": null,
        "apiName": null,
        "connectionName": "{\"kind\":\"CommonDataService\",\"path\":\"iq-atsumeru.crm6.dynamics.com\"}",
        "audience": null
      },
      {
        "path": "iq-demo1.crm6.dynamics.com",
        "kind": "CommonDataService",
        "provider": "CdsA",
        "authenticationKind": null,
        "environmentName": null,
        "apiName": null,
        "connectionName": "{\"kind\":\"CommonDataService\",\"path\":\"iq-demo1.crm6.dynamics.com\"}",
        "audience": null
      }
    ]
  },
  "annotations": [
    {
      "name": "pbi:QueryGroups",
      "value": "[{\"id\":\"ae50d597-7fe1-437d-ace2-57ddb15efc7c\",\"name\":\"Parameter\",\"description\":\"\",\"parentId\":null,\"order\":0},{\"id\":\"54e9b8aa-b8e5-43bc-b30e-c8aa97af2f8f\",\"name\":\"Query\",\"description\":\"\",\"parentId\":null,\"order\":1},{\"id\":\"16d0a631-4bf2-45d6-959e-64b1811dcb6b\",\"name\":\"Final Table\",\"description\":\"\",\"parentId\":null,\"order\":2}]"
    }
  ],
  "entities": [
    {
      "$type": "LocalEntity",
      "name": "Dim_ChartofAccounts",
      "description": "",
      "pbi:refreshPolicy": {
        "$type": "FullRefreshPolicy",
        "location": "Dim_ChartofAccounts.csv"
      },
      "attributes": [
        { "name": "sensei_financialitemid", "dataType": "string" },
        { "name": "FinancialItemName", "dataType": "string" },
        { "name": "ParentFinancialCategory", "dataType": "string" },
        { "name": "FinancialCategory", "dataType": "string" }
      ],
      "partitions": [
        {
          "name": "Part001",
          "refreshTime": "2023-05-18T01:30:35.7812856+00:00",
          "location": "https://wabiausebpcdsap1.blob.core.windows.net:443/456728b8-5d0d-4b44-b168-c535c4b996aa/Dim_ChartofAccounts.csv?snapshot=2023-05-18T01%3A30%3A35.8238636Z"
        }
      ]
    }
  ]
}
