{"name":"Dim_Date_ConfigurableFY","description":"","version":"1.0","culture":"en-GB","modifiedTime":"2023-10-26T22:16:42.3256382+00:00","ppdf:outputFileFormat":"csv","pbi:mashup":{"fastCombine":true,"allowNativeQueries":false,"skipAutomaticHeaderAndTypeDetection":false,"queriesMetadata":{"sensei_fiscalperiod":{"queryId":"b8b94adc-9847-431f-9200-00af1e34f86e","queryName":"sensei_fiscalperiod","queryGroupId":"0795712f-088b-4261-987f-45447a74a15a"},"DataverseInstanceURL":{"queryId":"6536c08a-cb5a-48b0-91ed-a5f38fedc692","queryName":"DataverseInstanceURL","queryGroupId":"5dd23b77-d81e-4b68-9ed7-41c0b18826cc"},"FiscalYearText":{"queryId":"67d2d095-a7a1-44d7-930d-91c541a36607","queryName":"FiscalYearText","queryGroupId":"5dd23b77-d81e-4b68-9ed7-41c0b18826cc"},"GenerateDates":{"queryId":"d90d9b67-0657-4db8-932e-e1c0daa28afc","queryName":"GenerateDates","queryGroupId":"f017c720-78a7-4467-9737-25dfb789bbfd"},"sensei_senseiconfigsettings":{"queryId":"05b1c7dc-fa00-41f6-835d-908ea4c8a6af","queryName":"sensei_senseiconfigsettings","queryGroupId":"0795712f-088b-4261-987f-45447a74a15a"},"sensei_timesheetperiod":{"queryId":"5be874e4-10ec-4de1-872c-501dee622a16","queryName":"sensei_timesheetperiod","queryGroupId":"0795712f-088b-4261-987f-45447a74a15a"},"Dim_Date":{"queryId":"f723d120-d87b-4852-9a0f-23ec9fb99abe","queryName":"Dim_Date","queryGroupId":"55c858d1-206f-4d26-b4c5-02a68d4463ea","loadEnabled":true}},"document":"section Section1;\r\nshared sensei_fiscalperiod = let\n  Source = CommonDataService.Database(DataverseInstanceURL, [CreateNavigationProperties = null]),\n  Navigation = Source{[Schema = \"dbo\", Item = \"sensei_fiscalperiod\"]}[Data],\n  #\"Choose columns\" = Table.SelectColumns(Navigation, {\"sensei_periodname\", \"sensei_finish\", \"sensei_start\"}),\n  #\"Invoked custom function\" = Table.AddColumn(#\"Choose columns\", \"Invoked custom function\", each GenerateDates([sensei_start], [sensei_finish])),\n  ExpandList = Table.ExpandListColumn(#\"Invoked custom function\", \"Invoked custom function\"),\n  ExpandColumn = Table.ExpandTableColumn(ExpandList, \"Invoked custom function\", {\"Column1\"}, {\"Column1\"}),\n  #\"Renamed Columns\" = Table.RenameColumns(\n        ExpandColumn,\n        {{\"sensei_start\", \"Period Start\"}, {\"sensei_finish\", \"Period End\"}, {\"Column1\", \"Date\"}}\n    ),\n    #\"Changed column type\" = Table.TransformColumnTypes(#\"Renamed Columns\", {{\"Date\", type datetime}})\nin\n    #\"Changed column type\";\r\nshared DataverseInstanceURL = \"org530c82c9.crm6.dynamics.com\" meta [IsParameterQuery = true, IsParameterQueryRequired = true, Type = type text];\r\nshared FiscalYearText = \"FY\" meta [IsParameterQuery = true, IsParameterQueryRequired = true, Type = type text];\r\nshared GenerateDates = (StartDate, FinishDate) =>    {\n        let\n            Dates = List.DateTimes(\n                StartDate, Duration.Days(DateTime.Date(FinishDate) - DateTime.Date(StartDate)) + 1, #duration(\n                    1, 0, 0, 0\n                )\n            ),\n            FinalTable = Table.FromList(Dates, Splitter.SplitByNothing(), null, null, ExtraValues.Error)\n        in\n            FinalTable\n    };\r\nshared sensei_senseiconfigsettings = let\n  Source = CommonDataService.Database(DataverseInstanceURL, [CreateNavigationProperties = null]),\n  Navigation = Source{[Schema = \"dbo\", Item = \"sensei_senseiconfigsettings\"]}[Data],\n  #\"Filtered rows\" = Table.SelectRows(Navigation, each ([sensei_displayname] = \"Fiscal Year Start Month Number\")),\n  #\"Choose columns\" = Table.SelectColumns(#\"Filtered rows\", {\"sensei_value\"}),\n  #\"Changed column type\" = Table.TransformColumnTypes(#\"Choose columns\", {{\"sensei_value\", Int64.Type}})\nin\n  #\"Changed column type\";\r\nshared sensei_timesheetperiod = let\n  Source = CommonDataService.Database(DataverseInstanceURL, [CreateNavigationProperties = null]),\n  Navigation = Source{[Schema = \"dbo\", Item = \"sensei_timesheetperiod\"]}[Data],\n  #\"Choose columns\" = Table.SelectColumns(Navigation, {\"sensei_name\", \"sensei_finish\", \"sensei_start\"}),\n  #\"Reordered columns\" = Table.ReorderColumns(#\"Choose columns\", {\"sensei_name\", \"sensei_start\", \"sensei_finish\"}),\n  #\"Invoked custom function\" = Table.AddColumn(#\"Reordered columns\", \"Invoked custom function\", each #\"GenerateDates\"([sensei_start], [sensei_finish])),\n    ExpandList = Table.ExpandListColumn(#\"Invoked custom function\", \"Invoked custom function\"),\n  ExpandColumn = Table.ExpandTableColumn(ExpandList, \"Invoked custom function\", {\"Column1\"}, {\"Column1\"}),\n  #\"Renamed Columns\" = Table.RenameColumns(\n        ExpandColumn,\n        {{\"sensei_start\", \"Period Start\"}, {\"sensei_finish\", \"Period End\"}, {\"Column1\", \"Date\"}}\n    ),\n    #\"Changed column type\" = Table.TransformColumnTypes(#\"Renamed Columns\", {{\"Date\", type datetime}})\nin\n  #\"Changed column type\";\r\nshared Dim_Date = let\r\n  Source = Excel.Workbook(Web.Contents(\"https://altus.pro/reporting/resources/Dim_Date.xlsx\"), null, true),\r\n  Navigation = Source{[Item = \"Table2\", Kind = \"Table\"]}[Data],\r\n  #\"Changed column type\" = Table.TransformColumnTypes(Navigation, {{\"Date\", type date}, {\"Firstdateofthemonth\", type date}, {\"MonthName\", type text}, {\"Month\", Int64.Type}, {\"FYMonth\", Int64.Type}, {\"QtrName\", type text}, {\"FiscalYear\", type text}, {\"FYEndDate\", type datetime}, {\"Weeknnumber\", Int64.Type}, {\"WeekStartDate\", type datetime}, {\"Weekenddate\", type datetime}, {\"FYStartDate\", type datetime}}),\r\n  #\"Added custom\" = Table.AddColumn(#\"Changed column type\", \"FirstDateofMonthFormat\", each Date.ToText([Date], [Format = \"MMM-yy\"])),\r\n  #\"Changed column type 1\" = Table.TransformColumnTypes(#\"Added custom\", {{\"Firstdateofthemonth\", type datetime}, {\"Date\", type datetime}}),\r\n  #\"Transform columns\" = Table.TransformColumnTypes(#\"Changed column type 1\", {{\"FirstDateofMonthFormat\", type text}}),\r\n  #\"Added IsWeekday\" = Table.AddColumn(#\"Transform columns\", \"IsWeekday\", each if Date.DayOfWeek([Date]) <= 4 then 1 else 0),\r\n  #\"Added ConfigSetting\" = let\r\n    firstValue = #\"sensei_senseiconfigsettings\"[sensei_value]{0},\r\n    result = Table.AddColumn(#\"Added IsWeekday\", \"ConfigSetting\", each firstValue)\r\nin\r\n    result,\r\n  #\"Added AdjustedYear\" = Table.AddColumn(#\"Added ConfigSetting\", \"AdjustedYear\", each if Date.Month([Date]) < [ConfigSetting] then Date.Year([Date]) - 1 else Date.Year([Date])),\r\n  #\"Filtered rows\" = Table.SelectRows(#\"Added AdjustedYear\", each [AdjustedYear] >= 2000),\r\n  #\"Added FY_Config\" = Table.AddColumn(#\"Filtered rows\", \"FiscalYear_Config\", each \"FY\" & Text.End(Text.From([AdjustedYear]), 2)),\r\n  #\"Added FYStartDate_Config\" = Table.AddColumn(#\"Added FY_Config\", \"FYStartDate_Config\", each \"1/\" & Text.From([ConfigSetting]) & \"/\" & Text.From([AdjustedYear])),\r\n  #\"Changed FYStartDate_Config to Date\" = Table.TransformColumnTypes(#\"Added FYStartDate_Config\", {{\"FYStartDate_Config\", type datetime}}),\r\n  #\"Added FYEndDate_Config\" = Table.AddColumn(#\"Changed FYStartDate_Config to Date\", \"FYEndDate_Config\", each Date.EndOfMonth(Date.AddMonths([FYStartDate_Config], 11))),\r\n  #\"Changed FYEndDate_Config to Date\" = Table.TransformColumnTypes(#\"Added FYEndDate_Config\", {{\"FYEndDate_Config\", type datetime}}),\r\n  #\"Added FYMonth_Config\" = let\r\n    MonthDiff = (date1 as datetime, date2 as datetime) as number =>\r\n        let\r\n            startDate = if date1 < date2 then date1 else date2,\r\n            endDate = if date1 > date2 then date1 else date2,\r\n            startMonth = Date.Month(startDate),\r\n            startYear = Date.Year(startDate),\r\n            endMonth = Date.Month(endDate),\r\n            endYear = Date.Year(endDate),\r\n            diff = (endYear - startYear) * 12 + endMonth - startMonth\r\n        in\r\n            diff,\r\n    source = #\"Changed FYEndDate_Config to Date\",\r\n    addedMonthDiff = Table.AddColumn(source, \"FYMonth_Config\", each MonthDiff([Firstdateofthemonth], [FYStartDate_Config])+1)\r\nin\r\n    addedMonthDiff,\r\n  #\"Added QtrName_Config\" = Table.AddColumn(#\"Added FYMonth_Config\", \"QtrName_Config\", each if [FYMonth_Config] >= 1 and [FYMonth_Config] <= 3 then \"Q1\"\r\n            else if [FYMonth_Config] >= 4 and [FYMonth_Config] <= 6 then \"Q2\"\r\n            else if [FYMonth_Config] >= 7 and [FYMonth_Config] <= 9 then \"Q3\"\r\n            else if [FYMonth_Config] >= 10 and [FYMonth_Config] <= 12 then \"Q4\"\r\n            else \"Q0\"),\r\n  #\"Merged queries\" = Table.NestedJoin(#\"Added QtrName_Config\", {\"Date\"}, sensei_fiscalperiod, {\"Date\"}, \"sensei_fiscalperiod\", JoinKind.LeftOuter),\r\n  #\"Expanded sensei_fiscalperiod\" = Table.ExpandTableColumn(#\"Merged queries\", \"sensei_fiscalperiod\", {\"sensei_periodname\"}, {\"sensei_periodname\"}),\r\n  #\"Merged Timesheet Periods\" = Table.NestedJoin(#\"Expanded sensei_fiscalperiod\", {\"Date\"}, sensei_timesheetperiod, {\"Date\"}, \"sensei_timesheetperiod\", JoinKind.LeftOuter),\r\n  #\"Expanded sensei_timesheetperiod\" = Table.ExpandTableColumn(#\"Merged Timesheet Periods\", \"sensei_timesheetperiod\", {\"sensei_name\", \"Period Start\", \"Period End\"}, {\"sensei_name\", \"Period Start\", \"Period End\"}),\r\n  #\"Renamed columns2\" = Table.RenameColumns(#\"Expanded sensei_timesheetperiod\", {{\"sensei_name\", \"TimesheetPeriod\"}, {\"Period Start\", \"TimesheetPeriodStart\"}, {\"Period End\", \"TimesheetPeriodEnd\"}}),\r\n  #\"Transform columns 2\" = Table.TransformColumnTypes(#\"Renamed columns2\", {{\"IsWeekday\", type text}}),\r\n  #\"Changed column type 8\" = Table.TransformColumnTypes(#\"Transform columns 2\", {{\"IsWeekday\", Int64.Type}}),\r\n  #\"Replace errors1\" = Table.ReplaceErrorValues(#\"Changed column type 8\", {{\"IsWeekday\", null}}),\r\n  #\"Removed columns\" = Table.RemoveColumns(#\"Replace errors1\", {\"FYMonth\", \"QtrName\", \"FiscalYear\", \"FYEndDate\", \"FYStartDate\", \"ConfigSetting\", \"AdjustedYear\"}),\r\n  #\"Renamed columns\" = Table.RenameColumns(#\"Removed columns\", {{\"FiscalYear_Config\", \"FiscalYear\"}, {\"FYStartDate_Config\", \"FYStartDate\"}, {\"FYEndDate_Config\", \"FYEndDate\"}, {\"FYMonth_Config\", \"FYMonth\"}, {\"QtrName_Config\", \"QtrName\"}, {\"sensei_periodname\", \"sensei_fiscal_period\"}}),\r\n  #\"Transform columns 1\" = Table.TransformColumnTypes(#\"Renamed columns\", {{\"FiscalYear\", type text}, {\"FYMonth\", type text}, {\"QtrName\", type text}}),\r\n  #\"Replace errors\" = Table.ReplaceErrorValues(#\"Transform columns 1\", {{\"FiscalYear\", null}, {\"FYMonth\", null}, {\"QtrName\", null}}),\r\n  #\"Sorted rows\" = Table.Sort(#\"Replace errors\", {{\"Date\", Order.Ascending}})\r\nin\r\n  #\"Sorted rows\";\r\n","connectionOverrides":[{"path":"https://altus.pro/reporting/resources/Dim_Date.xlsx","kind":"Web","provider":"CdsA","authenticationKind":null,"environmentName":null,"apiName":null,"connectionName":"{\"kind\":\"Web\",\"path\":\"https://altus.pro/reporting/resources/Dim_Date.xlsx\"}","audience":null},{"path":"iq-atsumeru.crm6.dynamics.com","kind":"CommonDataService","provider":"CdsA","authenticationKind":null,"environmentName":null,"apiName":null,"connectionName":"{\"kind\":\"CommonDataService\",\"path\":\"iq-atsumeru.crm6.dynamics.com\"}","audience":null},{"path":"org530c82c9.crm6.dynamics.com","kind":"CommonDataService","provider":"CdsA","authenticationKind":null,"environmentName":null,"apiName":null,"connectionName":"{\"kind\":\"CommonDataService\",\"path\":\"org530c82c9.crm6.dynamics.com\"}","audience":null}]},"annotations":[{"name":"pbi:QueryGroups","value":"[{\"id\":\"5dd23b77-d81e-4b68-9ed7-41c0b18826cc\",\"name\":\"Parameter\",\"description\":\"\",\"parentId\":null,\"order\":0},{\"id\":\"f017c720-78a7-4467-9737-25dfb789bbfd\",\"name\":\"Function\",\"description\":\"\",\"parentId\":null,\"order\":1},{\"id\":\"0795712f-088b-4261-987f-45447a74a15a\",\"name\":\"Queries\",\"description\":\"\",\"parentId\":null,\"order\":0},{\"id\":\"55c858d1-206f-4d26-b4c5-02a68d4463ea\",\"name\":\"Final Table\",\"description\":\"\",\"parentId\":null,\"order\":1}]"}],"entities":[{"$type":"LocalEntity","name":"Dim_Date","description":"","pbi:refreshPolicy":{"$type":"FullRefreshPolicy","location":"Dim_Date.csv"},"attributes":[{"name":"Date","dataType":"dateTime"},{"name":"Firstdateofthemonth","dataType":"dateTime"},{"name":"MonthName","dataType":"string"},{"name":"Month","dataType":"int64"},{"name":"Weeknnumber","dataType":"int64"},{"name":"WeekStartDate","dataType":"dateTime"},{"name":"Weekenddate","dataType":"dateTime"},{"name":"FirstDateofMonthFormat","dataType":"string"},{"name":"IsWeekday","dataType":"int64"},{"name":"FiscalYear","dataType":"string"},{"name":"FYStartDate","dataType":"dateTime"},{"name":"FYEndDate","dataType":"dateTime"},{"name":"FYMonth","dataType":"string"},{"name":"QtrName","dataType":"string"},{"name":"sensei_fiscal_period","dataType":"string"},{"name":"TimesheetPeriod","dataType":"string"},{"name":"TimesheetPeriodStart","dataType":"dateTime"},{"name":"TimesheetPeriodEnd","dataType":"dateTime"}]}]}